date,ticker,value
2012-05-18,Meta,38.18948
2012-05-21,Meta,33.993931
2012-05-22,Meta,30.967144
2012-05-23,Meta,31.966084
2012-05-24,Meta,32.994991
2012-05-25,Meta,31.876179
2012-05-28,Meta,31.876179
2012-05-29,Meta,28.809433
2012-05-30,Meta,28.160122
2012-05-31,Meta,29.568628
2012-06-01,Meta,27.690619
2012-06-04,Meta,26.871489
2012-06-05,Meta,25.842581
2012-06-06,Meta,26.781584
2012-06-07,Meta,26.282114
2012-06-08,Meta,27.071278
2012-06-11,Meta,26.981373
2012-06-12,Meta,27.370958
2012-06-13,Meta,27.241096
2012-06-14,Meta,28.260017
2012-06-15,Meta,29.978193
2012-06-18,Meta,31.376709
2012-06-19,Meta,31.876179
2012-06-20,Meta,31.566507
2012-06-21,Meta,31.806253
2012-06-22,Meta,33.014969
2012-06-25,Meta,32.02602
2012-06-26,Meta,33.064915
2012-06-27,Meta,32.195839
2012-06-28,Meta,31.326763
2012-06-29,Meta,31.067038
2012-07-02,Meta,30.737387
2012-07-03,Meta,31.166933
2012-07-04,Meta,31.166933
2012-07-05,Meta,31.436646
2012-07-06,Meta,31.696369
2012-07-09,Meta,32.135902
2012-07-10,Meta,31.436646
2012-07-11,Meta,30.937174
2012-07-12,Meta,30.777344
2012-07-13,Meta,30.687439
2012-07-16,Meta,28.220058
2012-07-17,Meta,28.060228
2012-07-18,Meta,29.079147
2012-07-19,Meta,28.969263
2012-07-20,Meta,28.729517
2012-07-23,Meta,28.719528
2012-07-24,Meta,28.419847
2012-07-25,Meta,29.308903
2012-07-26,Meta,26.821543
2012-07-27,Meta,23.68487
2012-07-30,Meta,23.125463
2012-07-31,Meta,21.686989
2012-08-01,Meta,20.857868
2012-08-02,Meta,20.018761
2012-08-03,Meta,21.067648
2012-08-06,Meta,21.896767
2012-08-07,Meta,20.698038
2012-08-08,Meta,20.698038
2012-08-09,Meta,20.987732
2012-08-10,Meta,21.786882
2012-08-13,Meta,21.577106
2012-08-14,Meta,20.358398
2012-08-15,Meta,21.17753
2012-08-16,Meta,19.84894
2012-08-17,Meta,19.029808
2012-08-20,Meta,19.988792
2012-08-21,Meta,19.139692
2012-08-22,Meta,19.419395
2012-08-23,Meta,19.419395
2012-08-24,Meta,19.389427
2012-08-27,Meta,19.129704
2012-08-28,Meta,19.319502
2012-08-29,Meta,19.079756
2012-08-30,Meta,19.069767
2012-08-31,Meta,18.040857
2012-09-03,Meta,18.040857
2012-09-04,Meta,17.711208
2012-09-05,Meta,18.560307
2012-09-06,Meta,18.939903
2012-09-07,Meta,18.959883
2012-09-10,Meta,18.790064
2012-09-11,Meta,19.409407
2012-09-12,Meta,20.907816
2012-09-13,Meta,20.688049
2012-09-14,Meta,21.976683
2012-09-17,Meta,21.497192
2012-09-18,Meta,21.846821
2012-09-19,Meta,23.265316
2012-09-20,Meta,22.566057
2012-09-21,Meta,22.835772
2012-09-24,Meta,20.767965
2012-09-25,Meta,20.258507
2012-09-26,Meta,20.598146
2012-09-27,Meta,20.298462
2012-09-28,Meta,21.637043
2012-10-01,Meta,21.966692
2012-10-02,Meta,22.246397
2012-10-03,Meta,21.806862
2012-10-04,Meta,21.926737
2012-10-05,Meta,20.887838
2012-10-08,Meta,20.378378
2012-10-09,Meta,20.208557
2012-10-10,Meta,19.619183
2012-10-11,Meta,19.729067
2012-10-12,Meta,19.499311
2012-10-15,Meta,19.499311
2012-10-16,Meta,19.459352
2012-10-17,Meta,19.858929
2012-10-18,Meta,18.959883
2012-10-19,Meta,18.979862
2012-10-22,Meta,19.299522
2012-10-23,Meta,19.479332
2012-10-24,Meta,23.205378
2012-10-25,Meta,22.536089
2012-10-26,Meta,21.916746
2012-10-29,Meta,21.916746
2012-10-30,Meta,21.916746
2012-10-31,Meta,21.087626
2012-11-01,Meta,21.187519
2012-11-02,Meta,21.157553
2012-11-05,Meta,21.227478
2012-11-06,Meta,21.147562
2012-11-07,Meta,20.448303
2012-11-08,Meta,19.968813
2012-11-09,Meta,19.189638
2012-11-12,Meta,20.048727
2012-11-13,Meta,19.838951
2012-11-14,Meta,22.336302
2012-11-15,Meta,22.146502
2012-11-16,Meta,23.535028
2012-11-19,Meta,22.895708
2012-11-20,Meta,23.075518
2012-11-21,Meta,24.294224
2012-11-22,Meta,24.294224
2012-11-23,Meta,23.974564
2012-11-26,Meta,25.912506
2012-11-27,Meta,26.122284
2012-11-28,Meta,26.332062
2012-11-29,Meta,27.291044
2012-11-30,Meta,27.970324
2012-12-03,Meta,27.011341
2012-12-04,Meta,27.430895
2012-12-05,Meta,27.68063
2012-12-06,Meta,26.941414
2012-12-07,Meta,27.460863
2012-12-10,Meta,27.810493
2012-12-11,Meta,27.950344
2012-12-12,Meta,27.550768
2012-12-13,Meta,28.210068
2012-12-14,Meta,26.781584
2012-12-17,Meta,26.721647
2012-12-18,Meta,27.68063
2012-12-19,Meta,27.380949
2012-12-20,Meta,27.331001
2012-12-21,Meta,26.232168
2012-12-24,Meta,26.901457
2012-12-25,Meta,26.901457
2012-12-26,Meta,26.481903
2012-12-27,Meta,26.022388
2012-12-28,Meta,25.882538
2012-12-31,Meta,26.591787
2013-01-01,Meta,26.591787
2013-01-02,Meta,27.970324
2013-01-03,Meta,27.740568
2013-01-04,Meta,28.729517
2013-01-07,Meta,29.388819
2013-01-08,Meta,29.0292
2013-01-09,Meta,30.557579
2013-01-10,Meta,31.266825
2013-01-11,Meta,31.68638
2013-01-14,Meta,30.917196
2013-01-15,Meta,30.068098
2013-01-16,Meta,29.818363
2013-01-17,Meta,30.108055
2013-01-18,Meta,29.628563
2013-01-21,Meta,29.628563
2013-01-22,Meta,30.69743
2013-01-23,Meta,30.787334
2013-01-24,Meta,31.047058
2013-01-25,Meta,31.506573
2013-01-28,Meta,32.435585
2013-01-29,Meta,30.757366
2013-01-30,Meta,31.206888
2013-01-31,Meta,30.947165
2013-02-01,Meta,29.698488
2013-02-04,Meta,28.080208
2013-02-05,Meta,28.609644
2013-02-06,Meta,29.019209
2013-02-07,Meta,28.619635
2013-02-08,Meta,28.519739
2013-02-11,Meta,28.230047
2013-02-12,Meta,27.340992
2013-02-13,Meta,27.880419
2013-02-14,Meta,28.469793
2013-02-15,Meta,28.289984
2013-02-18,Meta,28.289984
2013-02-19,Meta,28.899338
2013-02-20,Meta,28.429834
2013-02-21,Meta,27.251087
2013-02-22,Meta,27.101244
2013-02-25,Meta,27.241096
2013-02-26,Meta,27.36097
2013-02-27,Meta,26.841522
2013-02-28,Meta,27.221119
2013-03-01,Meta,27.750557
2013-03-04,Meta,27.690619
2013-03-05,Meta,27.490831
2013-03-06,Meta,27.420906
2013-03-07,Meta,28.549707
2013-03-08,Meta,27.930365
2013-03-11,Meta,28.110174
2013-03-12,Meta,27.800503
2013-03-13,Meta,27.051298
2013-03-14,Meta,27.011341
2013-03-15,Meta,26.621754
2013-03-18,Meta,26.461924
2013-03-19,Meta,26.521858
2013-03-20,Meta,25.832592
2013-03-21,Meta,25.712719
2013-03-22,Meta,25.702728
2013-03-25,Meta,25.103365
2013-03-26,Meta,25.183279
2013-03-27,Meta,26.062347
2013-03-28,Meta,25.552889
2013-03-29,Meta,25.552889
2013-04-01,Meta,25.502941
2013-04-02,Meta,25.393057
2013-04-03,Meta,26.222178
2013-04-04,Meta,27.041309
2013-04-05,Meta,27.36097
2013-04-08,Meta,26.821543
2013-04-09,Meta,26.561817
2013-04-10,Meta,27.540779
2013-04-11,Meta,27.990303
2013-04-12,Meta,27.370958
2013-04-15,Meta,26.491892
2013-04-16,Meta,26.891468
2013-04-17,Meta,26.601774
2013-04-18,Meta,25.662771
2013-04-19,Meta,25.702728
2013-04-22,Meta,25.942474
2013-04-23,Meta,25.952463
2013-04-24,Meta,26.082327
2013-04-25,Meta,26.112293
2013-04-26,Meta,26.821543
2013-04-29,Meta,26.951405
2013-04-30,Meta,27.740568
2013-05-01,Meta,27.400927
2013-05-02,Meta,28.939295
2013-05-03,Meta,28.279993
2013-05-06,Meta,27.540779
2013-05-07,Meta,26.8615
2013-05-08,Meta,27.091257
2013-05-09,Meta,27.011341
2013-05-10,Meta,26.651722
2013-05-13,Meta,26.791573
2013-05-14,Meta,27.041309
2013-05-15,Meta,26.571808
2013-05-16,Meta,26.102304
2013-05-17,Meta,26.222178
2013-05-20,Meta,25.732697
2013-05-21,Meta,25.632803
2013-05-22,Meta,25.133333
2013-05-23,Meta,25.033438
2013-05-24,Meta,24.284233
2013-05-27,Meta,24.284233
2013-05-28,Meta,24.074457
2013-05-29,Meta,23.295282
2013-05-30,Meta,24.523979
2013-05-31,Meta,24.324192
2013-06-03,Meta,23.824722
2013-06-04,Meta,23.495071
2013-06-05,Meta,22.875729
2013-06-06,Meta,22.945654
2013-06-07,Meta,23.265316
2013-06-10,Meta,24.304213
2013-06-11,Meta,24.004532
2013-06-12,Meta,23.744806
2013-06-13,Meta,23.704849
2013-06-14,Meta,23.604954
2013-06-17,Meta,23.994541
2013-06-18,Meta,24.18434
2013-06-19,Meta,24.284233
2013-06-20,Meta,23.874668
2013-06-21,Meta,24.504002
2013-06-24,Meta,23.914627
2013-06-25,Meta,24.224298
2013-06-26,Meta,24.134394
2013-06-27,Meta,24.633863
2013-06-28,Meta,24.853628
2013-07-01,Meta,24.783703
2013-07-02,Meta,24.384129
2013-07-03,Meta,24.494013
2013-07-04,Meta,24.494013
2013-07-05,Meta,24.344172
2013-07-08,Meta,24.683809
2013-07-09,Meta,25.452993
2013-07-10,Meta,25.772654
2013-07-11,Meta,25.782644
2013-07-12,Meta,25.882538
2013-07-15,Meta,26.252148
2013-07-16,Meta,26.292103
2013-07-17,Meta,26.621754
2013-07-18,Meta,26.152252
2013-07-19,Meta,25.85257
2013-07-22,Meta,26.022388
2013-07-23,Meta,26.102304
2013-07-24,Meta,26.481903
2013-07-25,Meta,34.323582
2013-07-26,Meta,33.973953
2013-07-29,Meta,35.392448
2013-07-30,Meta,37.590118
2013-07-31,Meta,36.760994
2013-08-01,Meta,37.450268
2013-08-02,Meta,38.00967
2013-08-05,Meta,39.14846
2013-08-06,Meta,38.50914
2013-08-07,Meta,38.8288
2013-08-08,Meta,38.499153
2013-08-09,Meta,38.459194
2013-08-12,Meta,38.179493
2013-08-13,Meta,36.980762
2013-08-14,Meta,36.611156
2013-08-15,Meta,36.521252
2013-08-16,Meta,37.040703
2013-08-19,Meta,37.769928
2013-08-20,Meta,38.369289
2013-08-21,Meta,38.279385
2013-08-22,Meta,38.50914
2013-08-23,Meta,40.507019
2013-08-26,Meta,41.296185
2013-08-27,Meta,39.597984
2013-08-28,Meta,40.507019
2013-08-29,Meta,41.236248
2013-08-30,Meta,41.246239
2013-09-02,Meta,41.246239
2013-09-03,Meta,41.825623
2013-09-04,Meta,41.735718
2013-09-05,Meta,42.614784
2013-09-06,Meta,43.903419
2013-09-09,Meta,43.993324
2013-09-10,Meta,43.553787
2013-09-11,Meta,44.992264
2013-09-12,Meta,44.702568
2013-09-13,Meta,44.263039
2013-09-16,Meta,42.464943
2013-09-17,Meta,45.022232
2013-09-18,Meta,45.18206
2013-09-19,Meta,45.931267
2013-09-20,Meta,47.439667
2013-09-23,Meta,47.139984
2013-09-24,Meta,48.398647
2013-09-25,Meta,49.407578
2013-09-26,Meta,50.33659
2013-09-27,Meta,51.185692
2013-09-30,Meta,50.176762
2013-10-01,Meta,50.366558
2013-10-02,Meta,50.226707
2013-10-03,Meta,49.127876
2013-10-04,Meta,50.985905
2013-10-07,Meta,50.466454
2013-10-08,Meta,47.090034
2013-10-09,Meta,46.720428
2013-10-10,Meta,48.998013
2013-10-11,Meta,49.057949
2013-10-14,Meta,49.457523
2013-10-15,Meta,49.447536
2013-10-16,Meta,51.085796
2013-10-17,Meta,52.154663
2013-10-18,Meta,54.162533
2013-10-21,Meta,53.792923
2013-10-22,Meta,52.624165
2013-10-23,Meta,51.844994
2013-10-24,Meta,52.394409
2013-10-25,Meta,51.894939
2013-10-28,Meta,50.176762
2013-10-29,Meta,49.347645
2013-10-30,Meta,48.958054
2013-10-31,Meta,50.15678
2013-11-01,Meta,49.697269
2013-11-04,Meta,48.168892
2013-11-05,Meta,50.056889
2013-11-06,Meta,49.067936
2013-11-07,Meta,47.509594
2013-11-08,Meta,47.479622
2013-11-11,Meta,46.151035
2013-11-12,Meta,46.5606
2013-11-13,Meta,48.658371
2013-11-14,Meta,48.938076
2013-11-15,Meta,48.958054
2013-11-18,Meta,45.781425
2013-11-19,Meta,46.310863
2013-11-20,Meta,46.380791
2013-11-21,Meta,46.650505
2013-11-22,Meta,46.181
2013-11-25,Meta,44.772495
2013-11-26,Meta,45.841362
2013-11-27,Meta,46.440727
2013-11-28,Meta,46.440727
2013-11-29,Meta,46.960175
2013-12-02,Meta,47.010124
2013-12-03,Meta,46.68047
2013-12-04,Meta,48.568466
2013-12-05,Meta,48.288765
2013-12-06,Meta,47.889187
2013-12-09,Meta,48.788235
2013-12-10,Meta,50.196739
2013-12-11,Meta,49.327663
2013-12-12,Meta,51.775066
2013-12-13,Meta,53.263485
2013-12-16,Meta,53.752968
2013-12-17,Meta,54.801853
2013-12-18,Meta,55.511101
2013-12-19,Meta,54.991653
2013-12-20,Meta,55.061577
2013-12-23,Meta,57.708771
2013-12-24,Meta,57.898567
2013-12-25,Meta,57.898567
2013-12-26,Meta,57.668812
2013-12-27,Meta,55.381237
2013-12-30,Meta,53.653072
2013-12-31,Meta,54.592079
2014-01-01,Meta,54.592079
2014-01-02,Meta,54.652012
2014-01-03,Meta,54.502174
2014-01-06,Meta,57.139374
2014-01-07,Meta,57.858608
2014-01-08,Meta,58.168282
2014-01-09,Meta,57.159355
2014-01-10,Meta,57.87859
2014-01-13,Meta,55.850742
2014-01-14,Meta,57.678802
2014-01-15,Meta,57.538948
2014-01-16,Meta,57.129383
2014-01-17,Meta,56.240326
2014-01-20,Meta,56.240326
2014-01-21,Meta,58.447983
2014-01-22,Meta,57.449043
2014-01-23,Meta,56.569981
2014-01-24,Meta,54.392288
2014-01-27,Meta,53.49324
2014-01-28,Meta,55.081558
2014-01-29,Meta,53.473263
2014-01-30,Meta,61.015263
2014-01-31,Meta,62.503681
2014-02-03,Meta,61.414837
2014-02-04,Meta,62.683491
2014-02-05,Meta,62.124084
2014-02-06,Meta,62.094116
2014-02-07,Meta,64.251831
2014-02-10,Meta,63.482643
2014-02-11,Meta,64.781265
2014-02-12,Meta,64.381683
2014-02-13,Meta,67.258636
2014-02-14,Meta,67.01889
2014-02-17,Meta,67.01889
2014-02-18,Meta,67.228676
2014-02-19,Meta,67.987862
2014-02-20,Meta,69.556198
2014-02-21,Meta,68.517296
2014-02-24,Meta,70.704979
2014-02-25,Meta,69.775963
2014-02-26,Meta,69.186592
2014-02-27,Meta,68.866936
2014-02-28,Meta,68.387436
2014-03-03,Meta,67.338554
2014-03-04,Meta,68.727081
2014-03-05,Meta,71.494141
2014-03-06,Meta,70.764915
2014-03-07,Meta,69.726021
2014-03-10,Meta,71.953651
2014-03-11,Meta,70.025703
2014-03-12,Meta,70.804871
2014-03-13,Meta,68.75705
2014-03-14,Meta,67.648224
2014-03-17,Meta,68.667145
2014-03-18,Meta,69.116669
2014-03-19,Meta,68.167671
2014-03-20,Meta,66.899017
2014-03-21,Meta,67.168732
2014-03-24,Meta,64.032059
2014-03-25,Meta,64.82122
2014-03-26,Meta,60.325993
2014-03-27,Meta,60.90538
2014-03-28,Meta,59.946396
2014-03-31,Meta,60.176155
2014-04-01,Meta,62.553627
2014-04-02,Meta,62.653526
2014-04-03,Meta,59.426949
2014-04-04,Meta,56.68985
2014-04-07,Meta,56.889641
2014-04-08,Meta,58.128323
2014-04-09,Meta,62.343853
2014-04-10,Meta,59.097298
2014-04-11,Meta,58.467964
2014-04-14,Meta,58.827583
2014-04-15,Meta,59.02737
2014-04-16,Meta,59.656704
2014-04-17,Meta,58.877529
2014-04-18,Meta,58.877529
2014-04-21,Meta,61.175095
2014-04-22,Meta,62.963196
2014-04-23,Meta,61.294968
2014-04-24,Meta,60.805485
2014-04-25,Meta,57.648834
2014-04-28,Meta,56.080498
2014-04-29,Meta,58.088367
2014-04-30,Meta,59.71664
2014-05-01,Meta,61.08519
2014-05-02,Meta,60.39592
2014-05-05,Meta,61.155113
2014-05-06,Meta,58.467964
2014-05-07,Meta,57.329174
2014-05-08,Meta,56.699841
2014-05-09,Meta,57.179333
2014-05-12,Meta,59.76659
2014-05-13,Meta,59.76659
2014-05-14,Meta,59.167221
2014-05-15,Meta,57.858608
2014-05-16,Meta,57.958508
2014-05-19,Meta,59.147243
2014-05-20,Meta,58.497932
2014-05-21,Meta,60.425888
2014-05-22,Meta,60.455856
2014-05-23,Meta,61.284973
2014-05-26,Meta,61.284973
2014-05-27,Meta,63.412716
2014-05-28,Meta,63.442684
2014-05-29,Meta,63.762348
2014-05-30,Meta,63.232906
2014-06-02,Meta,63.013145
2014-06-03,Meta,62.803364
2014-06-04,Meta,63.272865
2014-06-05,Meta,63.123024
2014-06-06,Meta,62.433758
2014-06-09,Meta,62.813354
2014-06-10,Meta,65.700287
2014-06-11,Meta,65.710281
2014-06-12,Meta,64.221863
2014-06-13,Meta,64.431641
2014-06-16,Meta,64.121971
2014-06-17,Meta,64.331741
2014-06-18,Meta,65.530472
2014-06-19,Meta,64.271805
2014-06-20,Meta,64.431641
2014-06-23,Meta,65.30072
2014-06-24,Meta,65.650345
2014-06-25,Meta,67.368523
2014-06-26,Meta,67.058846
2014-06-27,Meta,67.528351
2014-06-30,Meta,67.218681
2014-07-01,Meta,67.987862
2014-07-02,Meta,66.37957
2014-07-03,Meta,66.219742
2014-07-04,Meta,66.219742
2014-07-07,Meta,65.220802
2014-07-08,Meta,62.693481
2014-07-09,Meta,64.901138
2014-07-10,Meta,64.801247
2014-07-11,Meta,66.269684
2014-07-14,Meta,67.828033
2014-07-15,Meta,67.098808
2014-07-16,Meta,67.588295
2014-07-17,Meta,66.339615
2014-07-18,Meta,68.347481
2014-07-21,Meta,69.326447
2014-07-22,Meta,69.196579
2014-07-23,Meta,71.214439
2014-07-24,Meta,74.900536
2014-07-25,Meta,75.110306
2014-07-28,Meta,74.840591
2014-07-29,Meta,73.631874
2014-07-30,Meta,74.600845
2014-07-31,Meta,72.572998
2014-08-01,Meta,72.28331
2014-08-04,Meta,73.432091
2014-08-05,Meta,72.612961
2014-08-06,Meta,72.393188
2014-08-07,Meta,73.092445
2014-08-08,Meta,72.982559
2014-08-11,Meta,73.362167
2014-08-12,Meta,72.752808
2014-08-13,Meta,73.691811
2014-08-14,Meta,74.221252
2014-08-15,Meta,73.551956
2014-08-18,Meta,74.510941
2014-08-19,Meta,75.210205
2014-08-20,Meta,74.730705
2014-08-21,Meta,74.490967
2014-08-22,Meta,74.490967
2014-08-25,Meta,74.940483
2014-08-26,Meta,75.879486
2014-08-27,Meta,74.550896
2014-08-28,Meta,73.781715
2014-08-29,Meta,74.7407
2014-09-01,Meta,74.7407
2014-09-02,Meta,76.598724
2014-09-03,Meta,75.749634
2014-09-04,Meta,75.869499
2014-09-05,Meta,77.178116
2014-09-08,Meta,77.807442
2014-09-09,Meta,76.588737
2014-09-10,Meta,77.347931
2014-09-11,Meta,77.83741
2014-09-12,Meta,77.397881
2014-09-15,Meta,74.500954
2014-09-16,Meta,75.999367
2014-09-17,Meta,76.348991
2014-09-18,Meta,76.918388
2014-09-19,Meta,77.827431
2014-09-22,Meta,76.718605
2014-09-23,Meta,78.207024
2014-09-24,Meta,78.456757
2014-09-25,Meta,77.138153
2014-09-26,Meta,78.70649
2014-09-29,Meta,78.916267
2014-09-30,Meta,78.95623
2014-10-01,Meta,76.468872
2014-10-02,Meta,76.998306
2014-10-03,Meta,77.357925
2014-10-06,Meta,77.477791
2014-10-07,Meta,76.209145
2014-10-08,Meta,77.437836
2014-10-09,Meta,75.829544
2014-10-10,Meta,72.832726
2014-10-13,Meta,72.912636
2014-10-14,Meta,73.512001
2014-10-15,Meta,73.132408
2014-10-16,Meta,72.553017
2014-10-17,Meta,75.869499
2014-10-20,Meta,76.868439
2014-10-21,Meta,78.606598
2014-10-22,Meta,78.286942
2014-10-23,Meta,79.95517
2014-10-24,Meta,80.584496
2014-10-27,Meta,80.194908
2014-10-28,Meta,80.684387
2014-10-29,Meta,75.779594
2014-10-30,Meta,74.031448
2014-10-31,Meta,74.910515
2014-11-03,Meta,73.801689
2014-11-04,Meta,75.679703
2014-11-05,Meta,74.750687
2014-11-06,Meta,75.180237
2014-11-07,Meta,75.519875
2014-11-10,Meta,74.920509
2014-11-11,Meta,74.530922
2014-11-12,Meta,74.640808
2014-11-13,Meta,74.171303
2014-11-14,Meta,74.800636
2014-11-17,Meta,74.161308
2014-11-18,Meta,74.261208
2014-11-19,Meta,73.252281
2014-11-20,Meta,73.521988
2014-11-21,Meta,73.671837
2014-11-24,Meta,73.931557
2014-11-25,Meta,75.549835
2014-11-26,Meta,77.537735
2014-11-27,Meta,77.537735
2014-11-28,Meta,77.617645
2014-12-01,Meta,75.020401
2014-12-02,Meta,75.38002
2014-12-03,Meta,74.800636
2014-12-04,Meta,75.160255
2014-12-05,Meta,76.279068
2014-12-08,Meta,76.438896
2014-12-09,Meta,76.758553
2014-12-10,Meta,76.099258
2014-12-11,Meta,77.647621
2014-12-12,Meta,77.747513
2014-12-15,Meta,76.908394
2014-12-16,Meta,74.61084
2014-12-17,Meta,76.029335
2014-12-18,Meta,78.31691
2014-12-19,Meta,79.795334
2014-12-22,Meta,81.36367
2014-12-23,Meta,80.524567
2014-12-24,Meta,80.684387
2014-12-25,Meta,80.684387
2014-12-26,Meta,80.694382
2014-12-29,Meta,79.935181
2014-12-30,Meta,79.13604
2014-12-31,Meta,77.937302
2015-01-01,Meta,77.937302
2015-01-02,Meta,78.366852
2015-01-05,Meta,77.108192
2015-01-06,Meta,76.06929
2015-01-07,Meta,76.06929
2015-01-08,Meta,78.097137
2015-01-09,Meta,77.6576
2015-01-12,Meta,76.638687
2015-01-13,Meta,76.368965
2015-01-14,Meta,76.19915
2015-01-15,Meta,73.971519
2015-01-16,Meta,75.100319
2015-01-19,Meta,75.100319
2015-01-20,Meta,76.159195
2015-01-21,Meta,76.658661
2015-01-22,Meta,77.567703
2015-01-23,Meta,77.747513
2015-01-26,Meta,77.417862
2015-01-27,Meta,75.699684
2015-01-28,Meta,76.159195
2015-01-29,Meta,77.917328
2015-01-30,Meta,75.829544
2015-02-02,Meta,74.910515
2015-02-03,Meta,75.320084
2015-02-04,Meta,75.549835
2015-02-05,Meta,75.529861
2015-02-06,Meta,74.391068
2015-02-09,Meta,74.361107
2015-02-10,Meta,75.110306
2015-02-11,Meta,76.428909
2015-02-12,Meta,76.149208
2015-02-13,Meta,75.659721
2015-02-16,Meta,75.659721
2015-02-17,Meta,75.519875
2015-02-18,Meta,76.628693
2015-02-19,Meta,79.335823
2015-02-20,Meta,79.815315
2015-02-23,Meta,78.756432
2015-02-24,Meta,78.366852
2015-02-25,Meta,79.47567
2015-02-26,Meta,80.324776
2015-02-27,Meta,78.886299
2015-03-02,Meta,79.665474
2015-03-03,Meta,79.515633
2015-03-04,Meta,80.814255
2015-03-05,Meta,81.123924
2015-03-06,Meta,79.925201
2015-03-09,Meta,79.355804
2015-03-10,Meta,77.467812
2015-03-11,Meta,77.487785
2015-03-12,Meta,78.846344
2015-03-13,Meta,77.967278
2015-03-16,Meta,77.987251
2015-03-17,Meta,79.275887
2015-03-18,Meta,80.824249
2015-03-19,Meta,82.662292
2015-03-20,Meta,83.711182
2015-03-23,Meta,84.340515
2015-03-24,Meta,85.219582
2015-03-25,Meta,82.832115
2015-03-26,Meta,82.92202
2015-03-27,Meta,83.211716
2015-03-30,Meta,83.111816
2015-03-31,Meta,82.132858
2015-04-01,Meta,81.583435
2015-04-02,Meta,81.473557
2015-04-03,Meta,81.473557
2015-04-06,Meta,82.352623
2015-04-07,Meta,82.23275
2015-04-08,Meta,82.192795
2015-04-09,Meta,82.082909
2015-04-10,Meta,81.953049
2015-04-13,Meta,82.92202
2015-04-14,Meta,83.431473
2015-04-15,Meta,82.622337
2015-04-16,Meta,82.222755
2015-04-17,Meta,80.694382
2015-04-20,Meta,83.00193
2015-04-21,Meta,83.531372
2015-04-22,Meta,84.540298
2015-04-23,Meta,82.322655
2015-04-24,Meta,81.443588
2015-04-27,Meta,81.823189
2015-04-28,Meta,80.59449
2015-04-29,Meta,80.384712
2015-04-30,Meta,78.686508
2015-05-01,Meta,78.906281
2015-05-04,Meta,78.726471
2015-05-05,Meta,77.477791
2015-05-06,Meta,78.01722
2015-05-07,Meta,78.34687
2015-05-08,Meta,78.426788
2015-05-11,Meta,77.927322
2015-05-12,Meta,77.377899
2015-05-13,Meta,78.356865
2015-05-14,Meta,81.28376
2015-05-15,Meta,80.334763
2015-05-18,Meta,80.794273
2015-05-19,Meta,80.54454
2015-05-20,Meta,80.46463
2015-05-21,Meta,80.394707
2015-05-22,Meta,80.454636
2015-05-25,Meta,80.454636
2015-05-26,Meta,79.245918
2015-05-27,Meta,80.46463
2015-05-28,Meta,80.065048
2015-05-29,Meta,79.106071
2015-06-01,Meta,80.204903
2015-06-02,Meta,80.354744
2015-06-03,Meta,82.352623
2015-06-04,Meta,81.963036
2015-06-05,Meta,82.05294
2015-06-08,Meta,80.584496
2015-06-09,Meta,80.584496
2015-06-10,Meta,82.072922
2015-06-11,Meta,81.743271
2015-06-12,Meta,81.443588
2015-06-15,Meta,80.624458
2015-06-16,Meta,80.974083
2015-06-17,Meta,81.703316
2015-06-18,Meta,82.822128
2015-06-19,Meta,82.422554
2015-06-22,Meta,84.650185
2015-06-23,Meta,87.786858
2015-06-24,Meta,88.765816
2015-06-25,Meta,87.886757
2015-06-26,Meta,87.916718
2015-06-29,Meta,85.709068
2015-06-30,Meta,85.679092
2015-07-01,Meta,86.817886
2015-07-02,Meta,87.197487
2015-07-03,Meta,87.197487
2015-07-06,Meta,87.457207
2015-07-07,Meta,87.127556
2015-07-08,Meta,85.559219
2015-07-09,Meta,85.788971
2015-07-10,Meta,87.856781
2015-07-13,Meta,90.004501
2015-07-14,Meta,89.584946
2015-07-15,Meta,89.664864
2015-07-16,Meta,90.753708
2015-07-17,Meta,94.869347
2015-07-20,Meta,97.806229
2015-07-21,Meta,98.285713
2015-07-22,Meta,96.937149
2015-07-23,Meta,95.338844
2015-07-24,Meta,96.847244
2015-07-27,Meta,94.07019
2015-07-28,Meta,95.189003
2015-07-29,Meta,96.887199
2015-07-30,Meta,95.109085
2015-07-31,Meta,93.910362
2015-08-03,Meta,94.040222
2015-08-04,Meta,93.960304
2015-08-05,Meta,96.337784
2015-08-06,Meta,95.019188
2015-08-07,Meta,94.200058
2015-08-10,Meta,94.050217
2015-08-11,Meta,93.520775
2015-08-12,Meta,94.090172
2015-08-13,Meta,93.330978
2015-08-14,Meta,94.319923
2015-08-17,Meta,93.830444
2015-08-18,Meta,95.06913
2015-08-19,Meta,95.208977
2015-08-20,Meta,90.464012
2015-08-21,Meta,85.968781
2015-08-24,Meta,82.002991
2015-08-25,Meta,82.912025
2015-08-26,Meta,87.097588
2015-08-27,Meta,89.634903
2015-08-28,Meta,90.913544
2015-08-31,Meta,89.335213
2015-09-01,Meta,87.13755
2015-09-02,Meta,89.794724
2015-09-03,Meta,88.056572
2015-09-04,Meta,88.166458
2015-09-07,Meta,88.166458
2015-09-08,Meta,89.435104
2015-09-09,Meta,90.344147
2015-09-10,Meta,91.882515
2015-09-11,Meta,91.952438
2015-09-14,Meta,92.212158
2015-09-15,Meta,92.801537
2015-09-16,Meta,93.350952
2015-09-17,Meta,94.240005
2015-09-18,Meta,94.29995
2015-09-21,Meta,95.44873
2015-09-22,Meta,92.861473
2015-09-23,Meta,93.870407
2015-09-24,Meta,94.309937
2015-09-25,Meta,92.671669
2015-09-28,Meta,89.115448
2015-09-29,Meta,86.57814
2015-09-30,Meta,89.804718
2015-10-01,Meta,90.8536
2015-10-02,Meta,91.972412
2015-10-05,Meta,93.910362
2015-10-06,Meta,92.701645
2015-10-07,Meta,92.302071
2015-10-08,Meta,92.371994
2015-10-09,Meta,93.141174
2015-10-12,Meta,94.160095
2015-10-13,Meta,94.020248
2015-10-14,Meta,93.970299
2015-10-15,Meta,95.858292
2015-10-16,Meta,97.436623
2015-10-19,Meta,98.365631
2015-10-20,Meta,96.897194
2015-10-21,Meta,97.007072
2015-10-22,Meta,99.564362
2015-10-23,Meta,102.081696
2015-10-26,Meta,103.660011
2015-10-27,Meta,103.590088
2015-10-28,Meta,104.089554
2015-10-29,Meta,104.768837
2015-10-30,Meta,101.861923
2015-11-02,Meta,103.2005
2015-11-03,Meta,102.471275
2015-11-04,Meta,103.829834
2015-11-05,Meta,108.64473
2015-11-06,Meta,106.986481
2015-11-09,Meta,106.377129
2015-11-10,Meta,107.795631
2015-11-11,Meta,108.894463
2015-11-12,Meta,107.90551
2015-11-13,Meta,103.839821
2015-11-16,Meta,103.929733
2015-11-17,Meta,105.01857
2015-11-18,Meta,107.655769
2015-11-19,Meta,106.147377
2015-11-20,Meta,107.206253
2015-11-23,Meta,106.836639
2015-11-24,Meta,105.627922
2015-11-25,Meta,105.298279
2015-11-26,Meta,105.298279
2015-11-27,Meta,105.338234
2015-11-30,Meta,104.129517
2015-12-01,Meta,107.00647
2015-12-02,Meta,105.957581
2015-12-03,Meta,104.269363
2015-12-04,Meta,106.067459
2015-12-07,Meta,105.498062
2015-12-08,Meta,106.377129
2015-12-09,Meta,104.489136
2015-12-10,Meta,105.308266
2015-12-11,Meta,102.011765
2015-12-14,Meta,104.549072
2015-12-15,Meta,104.439194
2015-12-16,Meta,106.676819
2015-12-17,Meta,106.107422
2015-12-18,Meta,103.929733
2015-12-21,Meta,104.658951
2015-12-22,Meta,105.39817
2015-12-23,Meta,104.519104
2015-12-24,Meta,104.908684
2015-12-25,Meta,104.908684
2015-12-28,Meta,105.817726
2015-12-29,Meta,107.146317
2015-12-30,Meta,106.107422
2015-12-31,Meta,104.549072
2016-01-01,Meta,104.549072
2016-01-04,Meta,102.111656
2016-01-05,Meta,102.621124
2016-01-06,Meta,102.860863
2016-01-07,Meta,97.816216
2016-01-08,Meta,97.226845
2016-01-11,Meta,97.406654
2016-01-12,Meta,99.264679
2016-01-13,Meta,95.338844
2016-01-14,Meta,98.265739
2016-01-15,Meta,94.869347
2016-01-18,Meta,94.869347
2016-01-19,Meta,95.159035
2016-01-20,Meta,94.25
2016-01-21,Meta,94.060204
2016-01-22,Meta,97.836197
2016-01-25,Meta,96.907181
2016-01-26,Meta,97.236824
2016-01-27,Meta,94.349892
2016-01-28,Meta,108.994354
2016-01-29,Meta,112.091072
2016-02-01,Meta,114.96801
2016-02-02,Meta,114.488525
2016-02-03,Meta,112.570564
2016-02-04,Meta,110.372894
2016-02-05,Meta,103.959694
2016-02-08,Meta,99.644279
2016-02-09,Meta,99.434502
2016-02-10,Meta,100.892952
2016-02-11,Meta,101.801987
2016-02-12,Meta,101.901886
2016-02-15,Meta,101.901886
2016-02-16,Meta,101.502304
2016-02-17,Meta,105.088493
2016-02-18,Meta,103.360336
2016-02-19,Meta,104.459167
2016-02-22,Meta,107.046425
2016-02-23,Meta,105.348221
2016-02-24,Meta,106.766716
2016-02-25,Meta,107.95546
2016-02-26,Meta,107.805618
2016-02-29,Meta,106.806671
2016-03-01,Meta,109.703606
2016-03-02,Meta,109.833466
2016-03-03,Meta,109.46386
2016-03-04,Meta,108.275116
2016-03-07,Meta,105.617943
2016-03-08,Meta,105.817726
2016-03-09,Meta,107.396057
2016-03-10,Meta,107.206253
2016-03-11,Meta,109.294044
2016-03-14,Meta,109.773529
2016-03-15,Meta,110.552704
2016-03-16,Meta,112.061104
2016-03-17,Meta,110.902328
2016-03-18,Meta,111.331871
2016-03-21,Meta,111.731453
2016-03-22,Meta,112.131027
2016-03-23,Meta,112.420723
2016-03-24,Meta,112.930183
2016-03-25,Meta,112.930183
2016-03-28,Meta,113.569504
2016-03-29,Meta,116.016907
2016-03-30,Meta,114.57843
2016-03-31,Meta,113.979065
2016-04-01,Meta,115.936989
2016-04-04,Meta,112.43071
2016-04-05,Meta,112.101059
2016-04-06,Meta,113.589478
2016-04-07,Meta,113.519554
2016-04-08,Meta,110.512741
2016-04-11,Meta,108.874481
2016-04-12,Meta,110.492767
2016-04-13,Meta,110.392876
2016-04-14,Meta,110.722519
2016-04-15,Meta,109.523796
2016-04-18,Meta,110.332932
2016-04-19,Meta,112.170982
2016-04-20,Meta,112.300842
2016-04-21,Meta,113.319771
2016-04-22,Meta,110.442818
2016-04-25,Meta,109.983307
2016-04-26,Meta,108.64473
2016-04-27,Meta,108.77459
2016-04-28,Meta,116.606285
2016-04-29,Meta,117.455383
2016-05-02,Meta,118.444328
2016-05-03,Meta,117.305534
2016-05-04,Meta,117.934868
2016-05-05,Meta,117.685135
2016-05-06,Meta,119.36335
2016-05-09,Meta,119.113617
2016-05-10,Meta,120.372284
2016-05-11,Meta,119.393318
2016-05-12,Meta,120.152512
2016-05-13,Meta,119.683014
2016-05-16,Meta,118.54422
2016-05-17,Meta,117.225624
2016-05-18,Meta,117.525307
2016-05-19,Meta,116.686195
2016-05-20,Meta,117.225624
2016-05-23,Meta,115.847084
2016-05-24,Meta,117.575249
2016-05-25,Meta,117.765053
2016-05-26,Meta,119.343376
2016-05-27,Meta,119.253471
2016-05-30,Meta,119.253471
2016-05-31,Meta,118.684074
2016-06-01,Meta,118.654106
2016-06-02,Meta,118.803947
2016-06-03,Meta,118.344437
2016-06-06,Meta,118.664093
2016-06-07,Meta,117.635193
2016-06-08,Meta,118.264519
2016-06-09,Meta,118.434334
2016-06-10,Meta,116.496399
2016-06-13,Meta,113.829224
2016-06-14,Meta,114.818176
2016-06-15,Meta,114.478539
2016-06-16,Meta,114.268761
2016-06-17,Meta,112.900208
2016-06-20,Meta,113.24984
2016-06-21,Meta,114.258766
2016-06-22,Meta,113.789268
2016-06-23,Meta,114.958031
2016-06-24,Meta,111.961212
2016-06-27,Meta,108.854507
2016-06-28,Meta,112.580551
2016-06-29,Meta,114.039009
2016-06-30,Meta,114.158875
2016-07-01,Meta,114.068977
2016-07-04,Meta,114.068977
2016-07-05,Meta,114.078957
2016-07-06,Meta,116.576309
2016-07-07,Meta,115.727211
2016-07-08,Meta,117.115738
2016-07-11,Meta,117.745071
2016-07-12,Meta,117.805008
2016-07-13,Meta,116.656227
2016-07-14,Meta,117.165688
2016-07-15,Meta,116.736145
2016-07-18,Meta,119.243484
2016-07-19,Meta,120.48217
2016-07-20,Meta,121.790779
2016-07-21,Meta,120.48217
2016-07-22,Meta,120.87175
2016-07-25,Meta,121.501083
2016-07-26,Meta,121.091522
2016-07-27,Meta,123.209267
2016-07-28,Meta,124.867516
2016-07-29,Meta,123.80864
2016-08-01,Meta,124.178246
2016-08-02,Meta,122.959534
2016-08-03,Meta,122.380157
2016-08-04,Meta,124.228195
2016-08-05,Meta,125.017357
2016-08-08,Meta,125.127243
2016-08-09,Meta,124.927444
2016-08-10,Meta,124.747635
2016-08-11,Meta,124.767624
2016-08-12,Meta,124.747635
2016-08-15,Meta,123.768684
2016-08-16,Meta,123.169319
2016-08-17,Meta,124.238182
2016-08-18,Meta,123.778671
2016-08-19,Meta,123.429039
2016-08-22,Meta,124.018417
2016-08-23,Meta,124.238182
2016-08-24,Meta,123.349129
2016-08-25,Meta,123.75869
2016-08-26,Meta,124.827553
2016-08-29,Meta,126.405884
2016-08-30,Meta,125.706619
2016-08-31,Meta,125.986328
2016-09-01,Meta,126.03627
2016-09-02,Meta,126.375916
2016-09-05,Meta,126.375916
2016-09-06,Meta,129.592499
2016-09-07,Meta,130.911102
2016-09-08,Meta,130.131927
2016-09-09,Meta,126.965286
2016-09-12,Meta,128.553604
2016-09-13,Meta,127.075172
2016-09-14,Meta,127.634575
2016-09-15,Meta,128.213974
2016-09-16,Meta,128.933212
2016-09-19,Meta,128.513641
2016-09-20,Meta,128.503662
2016-09-21,Meta,129.802277
2016-09-22,Meta,129.942139
2016-09-23,Meta,127.824379
2016-09-26,Meta,127.175064
2016-09-27,Meta,128.553604
2016-09-28,Meta,129.093033
2016-09-29,Meta,127.954231
2016-09-30,Meta,128.134048
2016-10-03,Meta,128.63353
2016-10-04,Meta,128.054138
2016-10-05,Meta,128.333832
2016-10-06,Meta,128.603561
2016-10-07,Meta,128.853287
2016-10-10,Meta,130.101959
2016-10-11,Meta,128.743408
2016-10-12,Meta,128.913223
2016-10-13,Meta,127.684525
2016-10-14,Meta,127.744461
2016-10-17,Meta,127.404823
2016-10-18,Meta,128.433731
2016-10-19,Meta,129.972092
2016-10-20,Meta,129.862213
2016-10-21,Meta,131.930023
2016-10-24,Meta,133.138733
2016-10-25,Meta,132.14978
2016-10-26,Meta,130.901108
2016-10-27,Meta,129.552551
2016-10-28,Meta,131.150833
2016-10-31,Meta,130.851166
2016-11-01,Meta,129.362747
2016-11-02,Meta,127.03521
2016-11-03,Meta,119.87281
2016-11-04,Meta,120.622017
2016-11-07,Meta,122.020538
2016-11-08,Meta,124.088341
2016-11-09,Meta,123.049446
2016-11-10,Meta,120.671967
2016-11-11,Meta,118.893852
2016-11-14,Meta,114.958031
2016-11-15,Meta,117.075775
2016-11-16,Meta,116.21669
2016-11-17,Meta,117.665154
2016-11-18,Meta,116.895966
2016-11-21,Meta,121.64093
2016-11-22,Meta,121.341255
2016-11-23,Meta,120.711922
2016-11-24,Meta,120.711922
2016-11-25,Meta,120.252411
2016-11-28,Meta,120.282379
2016-11-29,Meta,120.741898
2016-11-30,Meta,118.294487
2016-12-01,Meta,114.978004
2016-12-02,Meta,115.277687
2016-12-05,Meta,117.305534
2016-12-06,Meta,117.185661
2016-12-07,Meta,117.824982
2016-12-08,Meta,118.783974
2016-12-09,Meta,119.553154
2016-12-12,Meta,117.645172
2016-12-13,Meta,120.18248
2016-12-14,Meta,120.082588
2016-12-15,Meta,120.442207
2016-12-16,Meta,119.74295
2016-12-19,Meta,119.113617
2016-12-20,Meta,118.963776
2016-12-21,Meta,118.913834
2016-12-22,Meta,117.275574
2016-12-23,Meta,117.145706
2016-12-26,Meta,117.145706
2016-12-27,Meta,117.884926
2016-12-28,Meta,116.796074
2016-12-29,Meta,116.226677
2016-12-30,Meta,114.928062
2017-01-02,Meta,114.928062
2017-01-03,Meta,116.736145
2017-01-04,Meta,118.564201
2017-01-05,Meta,120.542099
2017-01-06,Meta,123.279205
2017-01-09,Meta,124.767624
2017-01-10,Meta,124.218201
2017-01-11,Meta,125.956352
2017-01-12,Meta,126.485802
2017-01-13,Meta,128.203964
2017-01-16,Meta,128.203964
2017-01-17,Meta,127.734474
2017-01-18,Meta,127.784416
2017-01-19,Meta,127.414818
2017-01-20,Meta,126.90535
2017-01-23,Meta,128.793335
2017-01-24,Meta,129.23288
2017-01-25,Meta,131.340637
2017-01-26,Meta,132.639267
2017-01-27,Meta,132.039902
2017-01-30,Meta,130.841171
2017-01-31,Meta,130.181885
2017-02-01,Meta,133.088791
2017-02-02,Meta,130.701324
2017-02-03,Meta,130.841171
2017-02-06,Meta,131.920029
2017-02-07,Meta,131.700256
2017-02-08,Meta,134.057755
2017-02-09,Meta,133.997833
2017-02-10,Meta,134.047775
2017-02-13,Meta,133.907928
2017-02-14,Meta,133.708145
2017-02-15,Meta,133.298569
2017-02-16,Meta,133.698135
2017-02-17,Meta,133.388474
2017-02-20,Meta,133.388474
2017-02-21,Meta,133.578278
2017-02-22,Meta,135.975723
2017-02-23,Meta,135.216537
2017-02-24,Meta,135.296448
2017-02-27,Meta,136.265427
2017-02-28,Meta,135.396332
2017-03-01,Meta,137.274353
2017-03-02,Meta,136.615051
2017-03-03,Meta,137.024612
2017-03-06,Meta,137.274353
2017-03-07,Meta,137.15448
2017-03-08,Meta,137.574036
2017-03-09,Meta,138.093491
2017-03-10,Meta,138.642899
2017-03-13,Meta,139.452042
2017-03-14,Meta,139.172348
2017-03-15,Meta,139.571915
2017-03-16,Meta,139.841629
2017-03-17,Meta,139.691788
2017-03-20,Meta,139.791687
2017-03-21,Meta,138.36319
2017-03-22,Meta,139.442047
2017-03-23,Meta,139.382111
2017-03-24,Meta,140.191254
2017-03-27,Meta,140.17128
2017-03-28,Meta,141.609741
2017-03-29,Meta,142.498795
2017-03-30,Meta,142.259064
2017-03-31,Meta,141.899445
2017-04-03,Meta,142.129196
2017-04-04,Meta,141.579773
2017-04-05,Meta,141.699661
2017-04-06,Meta,141.02037
2017-04-07,Meta,140.630783
2017-04-10,Meta,140.890503
2017-04-11,Meta,139.771698
2017-04-12,Meta,139.432068
2017-04-13,Meta,139.242264
2017-04-14,Meta,139.242264
2017-04-17,Meta,141.270111
2017-04-18,Meta,140.810608
2017-04-19,Meta,142.119217
2017-04-20,Meta,143.647598
2017-04-21,Meta,143.52771
2017-04-24,Meta,145.315826
2017-04-25,Meta,146.334747
2017-04-26,Meta,146.404663
2017-04-27,Meta,147.543457
2017-04-28,Meta,150.090744
2017-05-01,Meta,152.298416
2017-05-02,Meta,152.618073
2017-05-03,Meta,151.639114
2017-05-04,Meta,150.690125
2017-05-05,Meta,150.080765
2017-05-08,Meta,150.899887
2017-05-09,Meta,150.320511
2017-05-10,Meta,150.130707
2017-05-11,Meta,149.880966
2017-05-12,Meta,150.17067
2017-05-15,Meta,150.030823
2017-05-16,Meta,149.621246
2017-05-17,Meta,144.696487
2017-05-18,Meta,147.503494
2017-05-19,Meta,147.903076
2017-05-22,Meta,148.082886
2017-05-23,Meta,147.913071
2017-05-24,Meta,149.880966
2017-05-25,Meta,151.79895
2017-05-26,Meta,151.968765
2017-05-29,Meta,151.968765
2017-05-30,Meta,152.218506
2017-05-31,Meta,151.299469
2017-06-01,Meta,151.3694
2017-06-02,Meta,153.447189
2017-06-05,Meta,153.467178
2017-06-06,Meta,152.648041
2017-06-07,Meta,152.957703
2017-06-08,Meta,154.546036
2017-06-09,Meta,149.441452
2017-06-12,Meta,148.282669
2017-06-13,Meta,150.520294
2017-06-14,Meta,150.090744
2017-06-15,Meta,149.641235
2017-06-16,Meta,150.480331
2017-06-19,Meta,152.707977
2017-06-20,Meta,152.088638
2017-06-21,Meta,153.746872
2017-06-22,Meta,153.237411
2017-06-23,Meta,154.905655
2017-06-26,Meta,153.4272
2017-06-27,Meta,150.42041
2017-06-28,Meta,153.077591
2017-06-29,Meta,150.879913
2017-06-30,Meta,150.819977
2017-07-03,Meta,148.272675
2017-07-04,Meta,148.272675
2017-07-05,Meta,150.180649
2017-07-06,Meta,148.662277
2017-07-07,Meta,151.279495
2017-07-10,Meta,153.337311
2017-07-11,Meta,155.105438
2017-07-12,Meta,158.731583
2017-07-13,Meta,159.091202
2017-07-14,Meta,159.800446
2017-07-17,Meta,159.560699
2017-07-18,Meta,162.687393
2017-07-19,Meta,163.966034
2017-07-20,Meta,164.355621
2017-07-21,Meta,164.255722
2017-07-24,Meta,165.824051
2017-07-25,Meta,165.104813
2017-07-26,Meta,165.434479
2017-07-27,Meta,170.259354
2017-07-28,Meta,172.267212
2017-07-31,Meta,169.070618
2017-08-01,Meta,169.679962
2017-08-02,Meta,169.12056
2017-08-03,Meta,168.411316
2017-08-04,Meta,169.440216
2017-08-07,Meta,171.797714
2017-08-08,Meta,171.048508
2017-08-09,Meta,170.998566
2017-08-10,Meta,167.222565
2017-08-11,Meta,167.901855
2017-08-14,Meta,170.569031
2017-08-15,Meta,170.818756
2017-08-16,Meta,169.819824
2017-08-17,Meta,166.733093
2017-08-18,Meta,167.232574
2017-08-21,Meta,167.602173
2017-08-22,Meta,169.460205
2017-08-23,Meta,168.531189
2017-08-24,Meta,167.562225
2017-08-25,Meta,166.143723
2017-08-28,Meta,167.062744
2017-08-29,Meta,167.871887
2017-08-30,Meta,169.739899
2017-08-31,Meta,171.787735
2017-09-01,Meta,171.837677
2017-09-04,Meta,171.837677
2017-09-05,Meta,170.539063
2017-09-06,Meta,171.907593
2017-09-07,Meta,173.026428
2017-09-08,Meta,170.768814
2017-09-11,Meta,173.326096
2017-09-12,Meta,172.776688
2017-09-13,Meta,172.866592
2017-09-14,Meta,170.778809
2017-09-15,Meta,171.458084
2017-09-18,Meta,169.829803
2017-09-19,Meta,172.337158
2017-09-20,Meta,171.987518
2017-09-21,Meta,170.92865
2017-09-22,Meta,170.359238
2017-09-25,Meta,162.697372
2017-09-26,Meta,164.035965
2017-09-27,Meta,167.502274
2017-09-28,Meta,168.551163
2017-09-29,Meta,170.688889
2017-10-02,Meta,169.290375
2017-10-03,Meta,169.779861
2017-10-04,Meta,168.241486
2017-10-05,Meta,171.058517
2017-10-06,Meta,172.047455
2017-10-09,Meta,172.317169
2017-10-10,Meta,171.408127
2017-10-11,Meta,172.556915
2017-10-12,Meta,172.367126
2017-10-13,Meta,173.555862
2017-10-16,Meta,174.335037
2017-10-17,Meta,175.92334
2017-10-18,Meta,175.84343
2017-10-19,Meta,174.374985
2017-10-20,Meta,174.79454
2017-10-23,Meta,171.08847
2017-10-24,Meta,171.61792
2017-10-25,Meta,170.419189
2017-10-26,Meta,170.449158
2017-10-27,Meta,177.691467
2017-10-30,Meta,179.679352
2017-10-31,Meta,179.869156
2017-11-01,Meta,182.4664
2017-11-02,Meta,178.730362
2017-11-03,Meta,178.730362
2017-11-06,Meta,179.979034
2017-11-07,Meta,180.05896
2017-11-08,Meta,179.36969
2017-11-09,Meta,179.10997
2017-11-10,Meta,178.270859
2017-11-13,Meta,178.580521
2017-11-14,Meta,177.881271
2017-11-15,Meta,177.761383
2017-11-16,Meta,179.399658
2017-11-17,Meta,178.810272
2017-11-20,Meta,178.550568
2017-11-21,Meta,181.667252
2017-11-22,Meta,180.678299
2017-11-23,Meta,180.678299
2017-11-24,Meta,182.586273
2017-11-27,Meta,182.836014
2017-11-28,Meta,182.226654
2017-11-29,Meta,174.944382
2017-11-30,Meta,176.992203
2017-12-01,Meta,174.914413
2017-12-04,Meta,171.288269
2017-12-05,Meta,172.64682
2017-12-06,Meta,175.873398
2017-12-07,Meta,179.949066
2017-12-08,Meta,178.810272
2017-12-11,Meta,178.850235
2017-12-12,Meta,176.772446
2017-12-13,Meta,178.111023
2017-12-14,Meta,178.200928
2017-12-15,Meta,179.989029
2017-12-18,Meta,180.628357
2017-12-19,Meta,179.319733
2017-12-20,Meta,177.701462
2017-12-21,Meta,177.261917
2017-12-22,Meta,177.012192
2017-12-25,Meta,177.012192
2017-12-26,Meta,175.803482
2017-12-27,Meta,177.431732
2017-12-28,Meta,177.73143
2017-12-29,Meta,176.27298
2018-01-01,Meta,176.27298
2018-01-02,Meta,181.227707
2018-01-03,Meta,184.474274
2018-01-04,Meta,184.134628
2018-01-05,Meta,186.651962
2018-01-08,Meta,188.080444
2018-01-09,Meta,187.670868
2018-01-10,Meta,187.6409
2018-01-11,Meta,187.570984
2018-01-12,Meta,179.179886
2018-01-15,Meta,179.179886
2018-01-16,Meta,178.200928
2018-01-17,Meta,177.411774
2018-01-18,Meta,179.609436
2018-01-19,Meta,181.097839
2018-01-22,Meta,185.173523
2018-01-23,Meta,189.149323
2018-01-24,Meta,186.35228
2018-01-25,Meta,187.281281
2018-01-26,Meta,189.798615
2018-01-29,Meta,185.782883
2018-01-30,Meta,186.921661
2018-01-31,Meta,186.69191
2018-02-01,Meta,192.885345
2018-02-02,Meta,190.078323
2018-02-05,Meta,181.067886
2018-02-06,Meta,185.113586
2018-02-07,Meta,179.989029
2018-02-08,Meta,171.398148
2018-02-09,Meta,175.92334
2018-02-12,Meta,176.223022
2018-02-13,Meta,172.966476
2018-02-14,Meta,179.329727
2018-02-15,Meta,179.769272
2018-02-16,Meta,177.172012
2018-02-19,Meta,177.172012
2018-02-20,Meta,175.823441
2018-02-21,Meta,177.721436
2018-02-22,Meta,178.800293
2018-02-23,Meta,183.095734
2018-02-26,Meta,184.733994
2018-02-27,Meta,181.267685
2018-02-28,Meta,178.131012
2018-03-01,Meta,175.753525
2018-03-02,Meta,176.4328
2018-03-05,Meta,180.208786
2018-03-06,Meta,179.589447
2018-03-07,Meta,183.515289
2018-03-08,Meta,182.146729
2018-03-09,Meta,185.033676
2018-03-12,Meta,184.564163
2018-03-13,Meta,181.687225
2018-03-14,Meta,183.994781
2018-03-15,Meta,183.665131
2018-03-16,Meta,184.893814
2018-03-19,Meta,172.377106
2018-03-20,Meta,167.971771
2018-03-21,Meta,169.210464
2018-03-22,Meta,164.71524
2018-03-23,Meta,159.221069
2018-03-26,Meta,159.89035
2018-03-27,Meta,152.05867
2018-03-28,Meta,152.867798
2018-03-29,Meta,159.620636
2018-03-30,Meta,159.620636
2018-04-02,Meta,155.225296
2018-04-03,Meta,155.944534
2018-04-04,Meta,154.935623
2018-04-05,Meta,159.171112
2018-04-06,Meta,157.033386
2018-04-09,Meta,157.762604
2018-04-10,Meta,164.865067
2018-04-11,Meta,166.143723
2018-04-12,Meta,163.696304
2018-04-13,Meta,164.345627
2018-04-16,Meta,164.655304
2018-04-17,Meta,168.481247
2018-04-18,Meta,166.18367
2018-04-19,Meta,167.921844
2018-04-20,Meta,166.10376
2018-04-23,Meta,165.66423
2018-04-24,Meta,159.520752
2018-04-25,Meta,159.520752
2018-04-26,Meta,173.975418
2018-04-27,Meta,173.406006
2018-04-30,Meta,171.817703
2018-05-01,Meta,173.675735
2018-05-02,Meta,175.883392
2018-05-03,Meta,173.835556
2018-05-04,Meta,176.422821
2018-05-07,Meta,177.781372
2018-05-08,Meta,178.730362
2018-05-09,Meta,182.4664
2018-05-10,Meta,185.333359
2018-05-11,Meta,186.791809
2018-05-14,Meta,186.442184
2018-05-15,Meta,184.124649
2018-05-16,Meta,183.005829
2018-05-17,Meta,183.565231
2018-05-18,Meta,182.486374
2018-05-21,Meta,184.294464
2018-05-22,Meta,183.605194
2018-05-23,Meta,186.701904
2018-05-24,Meta,185.732925
2018-05-25,Meta,184.723999
2018-05-28,Meta,184.723999
2018-05-29,Meta,185.543137
2018-05-30,Meta,187.471085
2018-05-31,Meta,191.576736
2018-06-01,Meta,193.784393
2018-06-04,Meta,193.07515
2018-06-05,Meta,192.735504
2018-06-06,Meta,191.137192
2018-06-07,Meta,187.980545
2018-06-08,Meta,188.899582
2018-06-11,Meta,191.336975
2018-06-12,Meta,192.196075
2018-06-13,Meta,192.20607
2018-06-14,Meta,196.601395
2018-06-15,Meta,195.642426
2018-06-18,Meta,198.099808
2018-06-19,Meta,197.280685
2018-06-20,Meta,201.785904
2018-06-21,Meta,201.286438
2018-06-22,Meta,201.526184
2018-06-25,Meta,196.141891
2018-06-26,Meta,198.789078
2018-06-27,Meta,195.632431
2018-06-28,Meta,196.022018
2018-06-29,Meta,194.114044
2018-07-02,Meta,197.150818
2018-07-03,Meta,192.525726
2018-07-04,Meta,192.525726
2018-07-05,Meta,198.239655
2018-07-06,Meta,203.014587
2018-07-09,Meta,204.52301
2018-07-10,Meta,203.324265
2018-07-11,Meta,202.325317
2018-07-12,Meta,206.700684
2018-07-13,Meta,207.100266
2018-07-16,Meta,207.010361
2018-07-17,Meta,209.767441
2018-07-18,Meta,209.138107
2018-07-19,Meta,207.869446
2018-07-20,Meta,209.717484
2018-07-23,Meta,210.686462
2018-07-24,Meta,214.442474
2018-07-25,Meta,217.26947
2018-07-26,Meta,176.073181
2018-07-27,Meta,174.704636
2018-07-30,Meta,170.878693
2018-07-31,Meta,172.397079
2018-08-01,Meta,171.468063
2018-08-02,Meta,176.18306
2018-08-03,Meta,177.591568
2018-08-06,Meta,185.493195
2018-08-07,Meta,183.615173
2018-08-08,Meta,184.983719
2018-08-09,Meta,182.895935
2018-08-10,Meta,180.068939
2018-08-13,Meta,179.859177
2018-08-14,Meta,180.918045
2018-08-15,Meta,179.339722
2018-08-16,Meta,174.514832
2018-08-17,Meta,173.615799
2018-08-20,Meta,172.317169
2018-08-21,Meta,172.437042
2018-08-22,Meta,173.455963
2018-08-23,Meta,172.716736
2018-08-24,Meta,174.46489
2018-08-27,Meta,177.271912
2018-08-28,Meta,176.073181
2018-08-29,Meta,175.713562
2018-08-30,Meta,177.451721
2018-08-31,Meta,175.543747
2018-09-03,Meta,175.543747
2018-09-04,Meta,170.978592
2018-09-05,Meta,167.002808
2018-09-06,Meta,162.357742
2018-09-07,Meta,162.867188
2018-09-10,Meta,164.005981
2018-09-11,Meta,165.76413
2018-09-12,Meta,161.828293
2018-09-13,Meta,161.18898
2018-09-14,Meta,162.147964
2018-09-17,Meta,160.409805
2018-09-18,Meta,160.130096
2018-09-19,Meta,162.887177
2018-09-20,Meta,165.84404
2018-09-21,Meta,162.757309
2018-09-24,Meta,165.23468
2018-09-25,Meta,164.735214
2018-09-26,Meta,166.773041
2018-09-27,Meta,168.661041
2018-09-28,Meta,164.28569
2018-10-01,Meta,162.267838
2018-10-02,Meta,159.161133
2018-10-03,Meta,162.257828
2018-10-04,Meta,158.681641
2018-10-05,Meta,157.163254
2018-10-08,Meta,157.083328
2018-10-09,Meta,157.732635
2018-10-10,Meta,151.219559
2018-10-11,Meta,153.187469
2018-10-12,Meta,153.577057
2018-10-15,Meta,153.357285
2018-10-16,Meta,158.61171
2018-10-17,Meta,159.251038
2018-10-18,Meta,154.755798
2018-10-19,Meta,153.886734
2018-10-22,Meta,154.615952
2018-10-23,Meta,154.226364
2018-10-24,Meta,145.885208
2018-10-25,Meta,150.790009
2018-10-26,Meta,145.215912
2018-10-29,Meta,141.939392
2018-10-30,Meta,146.065018
2018-10-31,Meta,151.62912
2018-11-01,Meta,151.589157
2018-11-02,Meta,150.190659
2018-11-05,Meta,148.522415
2018-11-06,Meta,149.781082
2018-11-07,Meta,151.3694
2018-11-08,Meta,147.713272
2018-11-09,Meta,144.806366
2018-11-12,Meta,141.399979
2018-11-13,Meta,142.009323
2018-11-14,Meta,144.067139
2018-11-15,Meta,143.69754
2018-11-16,Meta,139.382111
2018-11-19,Meta,131.410568
2018-11-20,Meta,132.289627
2018-11-21,Meta,134.677109
2018-11-22,Meta,134.677109
2018-11-23,Meta,131.590378
2018-11-26,Meta,136.235458
2018-11-27,Meta,134.856918
2018-11-28,Meta,136.615051
2018-11-29,Meta,138.533005
2018-11-30,Meta,140.460968
2018-12-03,Meta,140.94046
2018-12-04,Meta,137.783798
2018-12-05,Meta,137.783798
2018-12-06,Meta,139.48201
2018-12-07,Meta,137.274353
2018-12-10,Meta,141.699661
2018-12-11,Meta,141.929413
2018-12-12,Meta,144.346848
2018-12-13,Meta,144.856293
2018-12-14,Meta,143.907303
2018-12-17,Meta,140.041412
2018-12-18,Meta,143.507736
2018-12-19,Meta,133.098785
2018-12-20,Meta,133.258606
2018-12-21,Meta,124.817566
2018-12-24,Meta,123.928505
2018-12-25,Meta,123.928505
2018-12-26,Meta,134.037781
2018-12-27,Meta,134.377426
2018-12-28,Meta,133.058823
2018-12-31,Meta,130.95105
2019-01-01,Meta,130.95105
2019-01-02,Meta,135.536194
2019-01-03,Meta,131.600372
2019-01-04,Meta,137.803787
2019-01-07,Meta,137.903687
2019-01-08,Meta,142.378937
2019-01-09,Meta,144.077133
2019-01-10,Meta,144.047165
2019-01-11,Meta,143.647598
2019-01-14,Meta,145.235901
2019-01-15,Meta,148.79213
2019-01-16,Meta,147.383621
2019-01-17,Meta,148.142822
2019-01-18,Meta,149.880966
2019-01-21,Meta,149.880966
2019-01-22,Meta,147.413605
2019-01-23,Meta,144.147064
2019-01-24,Meta,145.675446
2019-01-25,Meta,148.852066
2019-01-28,Meta,147.313705
2019-01-29,Meta,144.03717
2019-01-30,Meta,150.260574
2019-01-31,Meta,166.513336
2019-02-01,Meta,165.534378
2019-02-04,Meta,169.070618
2019-02-05,Meta,170.978592
2019-02-06,Meta,170.309311
2019-02-07,Meta,166.203659
2019-02-08,Meta,167.152649
2019-02-11,Meta,165.614273
2019-02-12,Meta,164.865067
2019-02-13,Meta,163.896118
2019-02-14,Meta,163.77623
2019-02-15,Meta,162.327774
2019-02-18,Meta,162.327774
2019-02-19,Meta,162.117981
2019-02-20,Meta,162.387695
2019-02-21,Meta,159.870361
2019-02-22,Meta,161.718414
2019-02-25,Meta,164.445511
2019-02-26,Meta,163.956039
2019-02-27,Meta,162.637436
2019-02-28,Meta,161.278885
2019-03-01,Meta,162.108002
2019-03-04,Meta,167.192596
2019-03-05,Meta,171.078476
2019-03-06,Meta,172.327148
2019-03-07,Meta,168.950745
2019-03-08,Meta,169.420242
2019-03-11,Meta,171.887634
2019-03-12,Meta,171.737778
2019-03-13,Meta,173.186249
2019-03-14,Meta,169.989639
2019-03-15,Meta,165.804077
2019-03-18,Meta,160.299927
2019-03-19,Meta,161.398758
2019-03-20,Meta,165.264648
2019-03-21,Meta,165.903976
2019-03-22,Meta,164.165817
2019-03-25,Meta,166.113739
2019-03-26,Meta,167.502274
2019-03-27,Meta,165.694199
2019-03-28,Meta,165.374542
2019-03-29,Meta,166.513336
2019-04-01,Meta,168.521194
2019-04-02,Meta,174.015366
2019-04-03,Meta,173.356064
2019-04-04,Meta,175.833435
2019-04-05,Meta,175.533752
2019-04-08,Meta,174.744583
2019-04-09,Meta,177.391785
2019-04-10,Meta,177.631531
2019-04-11,Meta,177.321854
2019-04-12,Meta,178.910187
2019-04-15,Meta,179.459579
2019-04-16,Meta,178.68042
2019-04-17,Meta,178.590515
2019-04-18,Meta,178.091049
2019-04-19,Meta,178.091049
2019-04-22,Meta,181.247696
2019-04-23,Meta,183.585205
2019-04-24,Meta,182.38649
2019-04-25,Meta,193.055161
2019-04-26,Meta,191.287048
2019-04-29,Meta,194.573547
2019-04-30,Meta,193.195007
2019-05-01,Meta,192.825409
2019-05-02,Meta,192.325943
2019-05-03,Meta,195.262817
2019-05-06,Meta,193.674515
2019-05-07,Meta,189.568863
2019-05-08,Meta,189.339096
2019-05-09,Meta,188.450043
2019-05-10,Meta,188.140381
2019-05-13,Meta,181.34758
2019-05-14,Meta,180.538437
2019-05-15,Meta,186.072586
2019-05-16,Meta,186.791809
2019-05-17,Meta,185.103607
2019-05-20,Meta,182.526337
2019-05-21,Meta,184.624115
2019-05-22,Meta,185.123581
2019-05-23,Meta,180.678299
2019-05-24,Meta,180.868088
2019-05-27,Meta,180.868088
2019-05-28,Meta,184.114655
2019-05-29,Meta,181.996902
2019-05-30,Meta,182.816025
2019-05-31,Meta,177.281906
2019-06-03,Meta,163.976013
2019-06-04,Meta,167.322464
2019-06-05,Meta,167.99176
2019-06-06,Meta,168.151596
2019-06-07,Meta,173.166275
2019-06-10,Meta,174.63472
2019-06-11,Meta,177.91124
2019-06-12,Meta,174.854477
2019-06-13,Meta,177.281906
2019-06-14,Meta,181.137817
2019-06-17,Meta,188.809662
2019-06-18,Meta,188.270248
2019-06-19,Meta,187.281281
2019-06-20,Meta,189.329117
2019-06-21,Meta,190.937408
2019-06-24,Meta,192.395874
2019-06-25,Meta,188.639847
2019-06-26,Meta,187.461105
2019-06-27,Meta,189.299149
2019-06-28,Meta,192.795441
2019-07-01,Meta,192.795441
2019-07-02,Meta,194.79332
2019-07-03,Meta,196.990982
2019-07-04,Meta,196.990982
2019-07-05,Meta,196.191833
2019-07-08,Meta,195.552505
2019-07-09,Meta,198.998871
2019-07-10,Meta,202.515121
2019-07-11,Meta,201.016708
2019-07-12,Meta,204.652863
2019-07-15,Meta,203.693878
2019-07-16,Meta,203.623947
2019-07-17,Meta,201.586121
2019-07-18,Meta,200.5672
2019-07-19,Meta,198.149765
2019-07-22,Meta,202.105576
2019-07-23,Meta,202.145523
2019-07-24,Meta,204.443085
2019-07-25,Meta,200.497269
2019-07-26,Meta,199.538284
2019-07-29,Meta,195.73233
2019-07-30,Meta,196.831146
2019-07-31,Meta,194.024139
2019-08-01,Meta,192.525726
2019-08-02,Meta,188.819656
2019-08-05,Meta,181.537384
2019-08-06,Meta,184.314438
2019-08-07,Meta,184.953751
2019-08-08,Meta,189.95845
2019-08-09,Meta,187.650909
2019-08-12,Meta,185.173523
2019-08-13,Meta,188.250259
2019-08-14,Meta,179.519531
2019-08-15,Meta,182.396469
2019-08-16,Meta,183.505295
2019-08-19,Meta,185.972672
2019-08-20,Meta,183.615173
2019-08-21,Meta,183.355453
2019-08-22,Meta,181.847046
2019-08-23,Meta,177.5616
2019-08-26,Meta,180.168839
2019-08-27,Meta,181.107849
2019-08-28,Meta,181.567352
2019-08-29,Meta,185.373322
2019-08-30,Meta,185.473206
2019-09-02,Meta,185.473206
2019-09-03,Meta,182.196686
2019-09-04,Meta,186.94165
2019-09-05,Meta,190.697662
2019-09-06,Meta,187.29129
2019-09-09,Meta,188.559937
2019-09-10,Meta,185.972672
2019-09-11,Meta,188.290222
2019-09-12,Meta,187.271301
2019-09-13,Meta,186.991608
2019-09-16,Meta,186.022629
2019-09-17,Meta,187.880661
2019-09-18,Meta,187.940598
2019-09-19,Meta,189.938477
2019-09-20,Meta,189.728683
2019-09-23,Meta,186.621994
2019-09-24,Meta,181.08786
2019-09-25,Meta,182.606262
2019-09-26,Meta,179.919098
2019-09-27,Meta,176.912292
2019-09-30,Meta,177.891251
2019-10-01,Meta,175.623657
2019-10-02,Meta,174.414948
2019-10-03,Meta,179.18988
2019-10-04,Meta,180.258743
2019-10-07,Meta,179.489548
2019-10-08,Meta,177.5616
2019-10-09,Meta,179.659378
2019-10-10,Meta,179.839188
2019-10-11,Meta,183.994781
2019-10-14,Meta,183.085739
2019-10-15,Meta,188.689804
2019-10-16,Meta,189.349106
2019-10-17,Meta,190.188202
2019-10-18,Meta,185.65303
2019-10-21,Meta,189.558868
2019-10-22,Meta,182.146729
2019-10-23,Meta,185.952698
2019-10-24,Meta,186.182465
2019-10-25,Meta,187.690857
2019-10-28,Meta,189.199249
2019-10-29,Meta,189.109344
2019-10-30,Meta,188.050476
2019-10-31,Meta,191.446869
2019-11-01,Meta,193.41478
2019-11-04,Meta,194.513626
2019-11-05,Meta,194.114044
2019-11-06,Meta,191.346985
2019-11-07,Meta,190.21817
2019-11-08,Meta,190.637726
2019-11-11,Meta,189.409042
2019-11-12,Meta,194.263885
2019-11-13,Meta,192.985245
2019-11-14,Meta,192.945282
2019-11-15,Meta,194.893219
2019-11-18,Meta,197.190765
2019-11-19,Meta,199.108749
2019-11-20,Meta,197.300659
2019-11-21,Meta,197.720215
2019-11-22,Meta,198.609283
2019-11-25,Meta,199.578232
2019-11-26,Meta,198.759109
2019-11-27,Meta,201.785904
2019-11-28,Meta,201.785904
2019-11-29,Meta,201.426285
2019-12-02,Meta,199.488342
2019-12-03,Meta,198.609283
2019-12-04,Meta,198.49939
2019-12-05,Meta,199.148697
2019-12-06,Meta,200.836914
2019-12-09,Meta,201.126602
2019-12-10,Meta,200.657089
2019-12-11,Meta,202.045624
2019-12-12,Meta,196.541473
2019-12-13,Meta,193.904266
2019-12-16,Meta,197.71022
2019-12-17,Meta,198.179733
2019-12-18,Meta,202.28537
2019-12-19,Meta,205.841599
2019-12-20,Meta,206.081345
2019-12-23,Meta,205.961472
2019-12-24,Meta,204.902588
2019-12-25,Meta,204.902588
2019-12-26,Meta,207.569763
2019-12-27,Meta,207.87944
2019-12-30,Meta,204.193344
2019-12-31,Meta,205.032455
2020-01-01,Meta,205.032455
2020-01-02,Meta,209.557648
2020-01-03,Meta,208.448837
2020-01-06,Meta,212.37468
2020-01-07,Meta,212.834183
2020-01-08,Meta,214.991898
2020-01-09,Meta,218.068634
2020-01-10,Meta,217.828873
2020-01-13,Meta,221.674805
2020-01-14,Meta,218.82782
2020-01-15,Meta,220.915604
2020-01-16,Meta,221.534958
2020-01-17,Meta,221.904556
2020-01-20,Meta,221.904556
2020-01-21,Meta,221.205307
2020-01-22,Meta,221.085434
2020-01-23,Meta,219.527069
2020-01-24,Meta,217.709015
2020-01-27,Meta,214.642258
2020-01-28,Meta,217.559158
2020-01-29,Meta,222.993393
2020-01-30,Meta,209.307922
2020-01-31,Meta,201.695999
2020-02-03,Meta,203.973587
2020-02-04,Meta,209.607605
2020-02-05,Meta,209.887314
2020-02-06,Meta,210.626526
2020-02-07,Meta,212.10495
2020-02-10,Meta,212.834183
2020-02-11,Meta,206.970398
2020-02-12,Meta,210.536606
2020-02-13,Meta,212.914093
2020-02-14,Meta,213.952988
2020-02-17,Meta,213.952988
2020-02-18,Meta,217.569153
2020-02-19,Meta,217.259491
2020-02-20,Meta,214.35257
2020-02-21,Meta,209.95723
2020-02-24,Meta,200.507263
2020-02-25,Meta,196.561447
2020-02-26,Meta,196.990982
2020-02-27,Meta,189.548889
2020-02-28,Meta,192.266006
2020-03-02,Meta,196.231796
2020-03-03,Meta,185.692978
2020-03-04,Meta,191.556747
2020-03-05,Meta,184.97374
2020-03-06,Meta,180.898056
2020-03-09,Meta,169.320343
2020-03-10,Meta,178.001144
2020-03-11,Meta,170.05957
2020-03-12,Meta,154.306274
2020-03-13,Meta,170.099518
2020-03-16,Meta,145.85524
2020-03-17,Meta,149.261627
2020-03-18,Meta,146.804245
2020-03-19,Meta,152.967697
2020-03-20,Meta,149.571304
2020-03-23,Meta,147.943039
2020-03-24,Meta,160.809372
2020-03-25,Meta,156.044449
2020-03-26,Meta,163.16687
2020-03-27,Meta,156.62381
2020-03-30,Meta,165.774109
2020-03-31,Meta,166.623215
2020-04-01,Meta,159.430847
2020-04-02,Meta,158.022339
2020-04-03,Meta,154.016586
2020-04-06,Meta,165.374542
2020-04-07,Meta,168.651062
2020-04-08,Meta,174.095276
2020-04-09,Meta,175.004318
2020-04-10,Meta,175.004318
2020-04-13,Meta,174.604736
2020-04-14,Meta,177.981155
2020-04-15,Meta,176.782425
2020-04-16,Meta,176.063202
2020-04-17,Meta,179.050034
2020-04-20,Meta,178.051086
2020-04-21,Meta,170.618973
2020-04-22,Meta,182.086807
2020-04-23,Meta,184.933792
2020-04-24,Meta,189.868561
2020-04-27,Meta,187.30127
2020-04-28,Meta,182.716141
2020-04-29,Meta,193.984177
2020-04-30,Meta,204.493042
2020-05-01,Meta,202.055618
2020-05-04,Meta,205.042435
2020-05-05,Meta,206.85054
2020-05-06,Meta,208.249039
2020-05-07,Meta,211.036087
2020-05-08,Meta,212.124939
2020-05-11,Meta,212.954041
2020-05-12,Meta,209.877319
2020-05-13,Meta,204.882629
2020-05-14,Meta,206.590805
2020-05-15,Meta,210.656494
2020-05-18,Meta,212.96405
2020-05-19,Meta,216.650131
2020-05-20,Meta,229.726257
2020-05-21,Meta,231.144745
2020-05-22,Meta,234.661026
2020-05-25,Meta,234.661026
2020-05-26,Meta,231.953888
2020-05-27,Meta,228.897141
2020-05-28,Meta,225.221039
2020-05-29,Meta,224.851425
2020-06-01,Meta,231.6642
2020-06-02,Meta,232.473343
2020-06-03,Meta,229.916061
2020-06-04,Meta,226.050156
2020-06-05,Meta,230.525406
2020-06-08,Meta,231.154739
2020-06-09,Meta,238.417038
2020-06-10,Meta,236.479095
2020-06-11,Meta,224.192123
2020-06-12,Meta,228.337738
2020-06-15,Meta,232.253571
2020-06-16,Meta,235.400238
2020-06-17,Meta,235.280365
2020-06-18,Meta,235.689926
2020-06-19,Meta,238.536896
2020-06-22,Meta,238.966461
2020-06-23,Meta,241.983261
2020-06-24,Meta,233.771973
2020-06-25,Meta,235.430191
2020-06-26,Meta,215.850983
2020-06-29,Meta,220.406143
2020-06-30,Meta,226.829346
2020-07-01,Meta,237.298233
2020-07-02,Meta,233.172592
2020-07-03,Meta,233.172592
2020-07-06,Meta,240.02533
2020-07-07,Meta,240.604721
2020-07-08,Meta,243.321838
2020-07-09,Meta,244.24086
2020-07-10,Meta,244.810257
2020-07-13,Meta,238.746689
2020-07-14,Meta,239.475906
2020-07-15,Meta,240.02533
2020-07-16,Meta,240.674637
2020-07-17,Meta,241.773468
2020-07-20,Meta,245.159882
2020-07-21,Meta,241.493774
2020-07-22,Meta,239.615753
2020-07-23,Meta,232.35347
2020-07-24,Meta,230.465485
2020-07-27,Meta,233.252518
2020-07-28,Meta,229.876099
2020-07-29,Meta,233.042725
2020-07-30,Meta,234.25145
2020-07-31,Meta,253.401138
2020-08-03,Meta,251.692963
2020-08-04,Meta,249.565216
2020-08-05,Meta,248.855957
2020-08-06,Meta,264.99884
2020-08-07,Meta,268.155487
2020-08-10,Meta,262.721252
2020-08-11,Meta,255.858536
2020-08-12,Meta,259.614563
2020-08-13,Meta,261.023041
2020-08-14,Meta,260.963104
2020-08-17,Meta,260.883209
2020-08-18,Meta,262.061951
2020-08-19,Meta,262.311676
2020-08-20,Meta,268.724884
2020-08-21,Meta,266.72702
2020-08-24,Meta,271.102356
2020-08-25,Meta,280.522369
2020-08-26,Meta,303.587891
2020-08-27,Meta,292.90921
2020-08-28,Meta,293.348755
2020-08-31,Meta,292.889252
2020-09-01,Meta,295.126862
2020-09-02,Meta,302.179382
2020-09-03,Meta,290.811432
2020-09-04,Meta,282.430359
2020-09-07,Meta,282.430359
2020-09-08,Meta,270.872589
2020-09-09,Meta,273.429901
2020-09-10,Meta,267.805847
2020-09-11,Meta,266.327423
2020-09-14,Meta,265.867889
2020-09-15,Meta,272.131287
2020-09-16,Meta,263.240692
2020-09-17,Meta,254.549927
2020-09-18,Meta,252.262344
2020-09-21,Meta,247.886978
2020-09-22,Meta,254.479996
2020-09-23,Meta,248.756073
2020-09-24,Meta,249.265518
2020-09-25,Meta,254.549927
2020-09-28,Meta,256.547821
2020-09-29,Meta,261.512543
2020-09-30,Meta,261.622406
2020-10-01,Meta,266.347412
2020-10-02,Meta,259.66449
2020-10-05,Meta,264.369507
2020-10-06,Meta,258.385864
2020-10-07,Meta,257.846405
2020-10-08,Meta,263.480438
2020-10-09,Meta,264.169739
2020-10-12,Meta,275.457733
2020-10-13,Meta,275.847351
2020-10-14,Meta,271.531921
2020-10-15,Meta,266.437317
2020-10-16,Meta,265.648132
2020-10-19,Meta,261.122925
2020-10-20,Meta,267.276428
2020-10-21,Meta,278.434601
2020-10-22,Meta,277.825226
2020-10-23,Meta,284.488159
2020-10-26,Meta,276.816284
2020-10-27,Meta,282.989746
2020-10-28,Meta,267.386322
2020-10-29,Meta,280.532349
2020-10-30,Meta,262.831116
2020-11-02,Meta,261.082977
2020-11-03,Meta,265.018799
2020-11-04,Meta,287.075409
2020-11-05,Meta,294.367676
2020-11-06,Meta,293.09903
2020-11-09,Meta,278.474518
2020-11-10,Meta,272.141235
2020-11-11,Meta,276.186981
2020-11-12,Meta,274.788422
2020-11-13,Meta,276.656464
2020-11-16,Meta,278.664337
2020-11-17,Meta,274.708527
2020-11-18,Meta,271.681732
2020-11-19,Meta,272.650726
2020-11-20,Meta,269.414154
2020-11-23,Meta,268.145477
2020-11-24,Meta,276.626495
2020-11-25,Meta,275.297913
2020-11-26,Meta,275.297913
2020-11-27,Meta,277.515564
2020-11-30,Meta,276.676453
2020-12-01,Meta,286.246277
2020-12-02,Meta,287.21524
2020-12-03,Meta,281.55127
2020-12-04,Meta,279.403564
2020-12-07,Meta,285.277313
2020-12-08,Meta,283.099609
2020-12-09,Meta,277.625458
2020-12-10,Meta,276.826263
2020-12-11,Meta,273.26004
2020-12-14,Meta,273.899384
2020-12-15,Meta,275.257935
2020-12-16,Meta,275.377838
2020-12-17,Meta,274.189087
2020-12-18,Meta,276.107025
2020-12-21,Meta,272.500885
2020-12-22,Meta,266.806915
2020-12-23,Meta,267.825806
2020-12-24,Meta,267.116577
2020-12-25,Meta,267.116577
2020-12-28,Meta,276.706421
2020-12-29,Meta,276.486633
2020-12-30,Meta,271.581848
2020-12-31,Meta,272.870483
2021-01-01,Meta,272.870483
2021-01-04,Meta,268.654968
2021-01-05,Meta,270.6828
2021-01-06,Meta,263.030914
2021-01-07,Meta,268.45517
2021-01-08,Meta,267.286407
2021-01-11,Meta,256.56778
2021-01-12,Meta,250.823868
2021-01-13,Meta,251.373291
2021-01-14,Meta,245.379654
2021-01-15,Meta,251.093582
2021-01-18,Meta,251.093582
2021-01-19,Meta,260.823273
2021-01-20,Meta,267.196503
2021-01-21,Meta,272.58078
2021-01-22,Meta,274.209045
2021-01-25,Meta,277.715363
2021-01-26,Meta,281.751038
2021-01-27,Meta,271.851563
2021-01-28,Meta,264.719116
2021-01-29,Meta,258.056183
2021-02-01,Meta,261.7323
2021-02-02,Meta,266.796906
2021-02-03,Meta,266.367371
2021-02-04,Meta,266.20755
2021-02-05,Meta,267.815857
2021-02-08,Meta,266.297455
2021-02-09,Meta,269.164429
2021-02-10,Meta,271.581848
2021-02-11,Meta,270.103424
2021-02-12,Meta,270.213287
2021-02-15,Meta,270.213287
2021-02-16,Meta,273.679626
2021-02-17,Meta,273.28006
2021-02-18,Meta,269.104492
2021-02-19,Meta,261.282776
2021-02-22,Meta,260.054077
2021-02-23,Meta,265.578217
2021-02-24,Meta,264.029846
2021-02-25,Meta,254.420059
2021-02-26,Meta,257.346954
2021-03-01,Meta,264.629242
2021-03-02,Meta,258.725494
2021-03-03,Meta,255.139297
2021-03-04,Meta,257.366943
2021-03-05,Meta,263.999878
2021-03-08,Meta,255.039398
2021-03-09,Meta,265.458344
2021-03-10,Meta,264.619232
2021-03-11,Meta,273.589722
2021-03-12,Meta,268.115509
2021-03-15,Meta,273.459869
2021-03-16,Meta,278.983978
2021-03-17,Meta,283.708984
2021-03-18,Meta,278.324677
2021-03-19,Meta,289.80249
2021-03-22,Meta,293.228882
2021-03-23,Meta,290.32196
2021-03-24,Meta,281.840973
2021-03-25,Meta,278.44455
2021-03-26,Meta,282.720032
2021-03-29,Meta,290.51178
2021-03-30,Meta,287.694763
2021-03-31,Meta,294.217834
2021-04-01,Meta,298.343445
2021-04-02,Meta,298.343445
2021-04-05,Meta,308.582581
2021-04-06,Meta,305.935394
2021-04-07,Meta,312.758148
2021-04-08,Meta,312.688232
2021-04-09,Meta,312.128815
2021-04-12,Meta,311.209808
2021-04-13,Meta,309.431702
2021-04-14,Meta,302.499054
2021-04-15,Meta,307.493744
2021-04-16,Meta,305.855469
2021-04-19,Meta,301.919647
2021-04-20,Meta,302.329224
2021-04-21,Meta,301.150482
2021-04-22,Meta,296.205719
2021-04-23,Meta,300.810852
2021-04-26,Meta,302.718811
2021-04-27,Meta,303.24826
2021-04-28,Meta,306.774506
2021-04-29,Meta,329.160767
2021-04-30,Meta,324.735443
2021-05-03,Meta,322.238098
2021-05-04,Meta,318.022552
2021-05-05,Meta,314.686096
2021-05-06,Meta,319.680817
2021-05-07,Meta,318.741791
2021-05-10,Meta,305.645721
2021-05-11,Meta,306.205109
2021-05-12,Meta,302.229309
2021-05-13,Meta,304.936462
2021-05-14,Meta,315.605133
2021-05-17,Meta,315.125641
2021-05-18,Meta,309.63147
2021-05-19,Meta,313.257629
2021-05-20,Meta,318.272308
2021-05-21,Meta,315.894836
2021-05-24,Meta,324.285919
2021-05-25,Meta,327.442596
2021-05-26,Meta,327.312714
2021-05-27,Meta,332.397308
2021-05-28,Meta,328.381592
2021-05-31,Meta,328.381592
2021-06-01,Meta,328.781158
2021-06-02,Meta,328.801117
2021-06-03,Meta,325.694427
2021-06-04,Meta,329.999878
2021-06-07,Meta,336.223236
2021-06-08,Meta,333.326324
2021-06-09,Meta,329.899963
2021-06-10,Meta,332.107635
2021-06-11,Meta,330.908905
2021-06-14,Meta,336.413055
2021-06-15,Meta,336.393097
2021-06-16,Meta,330.729065
2021-06-17,Meta,336.153351
2021-06-18,Meta,329.310608
2021-06-21,Meta,331.937805
2021-06-22,Meta,338.670654
2021-06-23,Meta,340.229004
2021-06-24,Meta,342.816254
2021-06-25,Meta,341.008179
2021-06-28,Meta,355.263062
2021-06-29,Meta,351.517059
2021-06-30,Meta,347.341461
2021-07-01,Meta,354.014404
2021-07-02,Meta,354.324066
2021-07-05,Meta,354.324066
2021-07-06,Meta,352.406097
2021-07-07,Meta,350.1185
2021-07-08,Meta,345.28363
2021-07-09,Meta,350.048615
2021-07-12,Meta,352.785706
2021-07-13,Meta,351.716827
2021-07-14,Meta,347.261566
2021-07-15,Meta,344.09491
2021-07-16,Meta,340.798401
2021-07-19,Meta,336.592896
2021-07-20,Meta,341.297882
2021-07-21,Meta,345.863037
2021-07-22,Meta,350.81778
2021-07-23,Meta,369.398071
2021-07-26,Meta,372.065216
2021-07-27,Meta,367.420166
2021-07-28,Meta,372.884369
2021-07-29,Meta,357.940216
2021-07-30,Meta,355.922363
2021-08-02,Meta,351.576996
2021-08-03,Meta,350.867706
2021-08-04,Meta,358.539612
2021-08-05,Meta,362.585297
2021-08-06,Meta,363.124725
2021-08-09,Meta,361.226715
2021-08-10,Meta,360.747253
2021-08-11,Meta,359.578461
2021-08-12,Meta,362.265625
2021-08-13,Meta,362.795074
2021-08-16,Meta,366.171478
2021-08-17,Meta,358.070099
2021-08-18,Meta,355.073273
2021-08-19,Meta,354.743622
2021-08-20,Meta,358.989105
2021-08-23,Meta,362.964905
2021-08-24,Meta,365.12262
2021-08-25,Meta,367.999573
2021-08-26,Meta,363.993805
2021-08-27,Meta,372.235046
2021-08-30,Meta,380.256531
2021-08-31,Meta,378.977905
2021-09-01,Meta,381.64505
2021-09-02,Meta,374.882233
2021-09-03,Meta,375.861206
2021-09-06,Meta,375.861206
2021-09-07,Meta,381.774933
2021-09-08,Meta,377.16983
2021-09-09,Meta,377.599365
2021-09-10,Meta,378.288635
2021-09-13,Meta,376.110962
2021-09-14,Meta,376.13092
2021-09-15,Meta,373.523712
2021-09-16,Meta,372.664581
2021-09-17,Meta,364.333435
2021-09-20,Meta,355.322998
2021-09-21,Meta,357.101135
2021-09-22,Meta,342.846222
2021-09-23,Meta,345.593323
2021-09-24,Meta,352.585907
2021-09-27,Meta,353.205231
2021-09-28,Meta,340.28894
2021-09-29,Meta,339.250031
2021-09-30,Meta,339.030304
2021-10-01,Meta,342.646454
2021-10-04,Meta,325.884247
2021-10-05,Meta,332.607086
2021-10-06,Meta,333.286407
2021-10-07,Meta,328.871063
2021-10-08,Meta,329.700165
2021-10-11,Meta,325.105072
2021-10-12,Meta,323.426819
2021-10-13,Meta,324.196045
2021-10-14,Meta,328.181793
2021-10-15,Meta,324.415802
2021-10-18,Meta,334.984558
2021-10-19,Meta,339.629639
2021-10-20,Meta,340.418823
2021-10-21,Meta,341.517639
2021-10-22,Meta,324.26593
2021-10-25,Meta,328.341614
2021-10-26,Meta,315.475281
2021-10-27,Meta,311.889069
2021-10-28,Meta,316.584106
2021-10-29,Meta,323.227051
2021-11-01,Meta,329.63028
2021-11-02,Meta,327.732269
2021-11-03,Meta,331.268524
2021-11-04,Meta,335.494049
2021-11-05,Meta,340.768433
2021-11-08,Meta,338.261108
2021-11-09,Meta,335.014526
2021-11-10,Meta,327.292755
2021-11-11,Meta,327.392609
2021-11-12,Meta,340.528717
2021-11-15,Meta,347.19162
2021-11-16,Meta,342.596497
2021-11-17,Meta,340.408813
2021-11-18,Meta,338.331024
2021-11-19,Meta,344.934021
2021-11-22,Meta,340.64859
2021-11-23,Meta,336.892548
2021-11-24,Meta,340.698517
2021-11-25,Meta,340.698517
2021-11-26,Meta,332.766937
2021-11-29,Meta,337.671722
2021-11-30,Meta,324.116089
2021-12-01,Meta,310.270813
2021-12-02,Meta,310.061035
2021-12-03,Meta,306.514771
2021-12-06,Meta,317.533081
2021-12-07,Meta,322.467865
2021-12-08,Meta,330.209625
2021-12-09,Meta,329.470428
2021-12-10,Meta,329.400513
2021-12-13,Meta,334.135468
2021-12-14,Meta,333.386261
2021-12-15,Meta,341.297882
2021-12-16,Meta,334.545044
2021-12-17,Meta,333.436218
2021-12-20,Meta,325.105072
2021-12-21,Meta,333.845795
2021-12-22,Meta,330.099762
2021-12-23,Meta,334.884674
2021-12-24,Meta,334.884674
2021-12-27,Meta,345.81308
2021-12-28,Meta,345.853058
2021-12-29,Meta,342.576538
2021-12-30,Meta,343.994995
2021-12-31,Meta,335.9935
2022-01-03,Meta,338.181183
2022-01-04,Meta,336.173309
2022-01-05,Meta,323.826416
2022-01-06,Meta,332.107635
2022-01-07,Meta,331.438354
2022-01-10,Meta,327.72229
2022-01-11,Meta,334.015594
2022-01-12,Meta,332.906799
2022-01-13,Meta,326.133972
2022-01-14,Meta,331.548218
2022-01-17,Meta,331.548218
2022-01-18,Meta,317.812805
2022-01-19,Meta,319.251251
2022-01-20,Meta,316.224487
2022-01-21,Meta,302.848694
2022-01-24,Meta,308.382782
2022-01-25,Meta,299.831879
2022-01-26,Meta,294.317719
2022-01-27,Meta,294.327728
2022-01-28,Meta,301.390198
2022-01-31,Meta,312.927979
2022-02-01,Meta,318.661896
2022-02-02,Meta,322.657654
2022-02-03,Meta,237.507996
2022-02-04,Meta,236.838715
2022-02-07,Meta,224.671631
2022-02-08,Meta,219.946625
2022-02-09,Meta,231.754105
2022-02-10,Meta,227.828278
2022-02-11,Meta,219.317307
2022-02-14,Meta,217.469254
2022-02-15,Meta,220.765762
2022-02-16,Meta,216.310486
2022-02-17,Meta,207.489853
2022-02-18,Meta,205.941498
2022-02-21,Meta,205.941498
2022-02-22,Meta,201.865814
2022-02-23,Meta,198.239655
2022-02-24,Meta,207.379974
2022-02-25,Meta,210.256912
2022-02-28,Meta,210.806335
2022-03-01,Meta,203.274323
2022-03-02,Meta,207.88942
2022-03-03,Meta,202.754883
2022-03-04,Meta,199.847961
2022-03-07,Meta,187.271301
2022-03-08,Meta,190.088303
2022-03-09,Meta,198.289612
2022-03-10,Meta,195.003113
2022-03-11,Meta,187.411148
2022-03-14,Meta,186.432205
2022-03-15,Meta,191.826462
2022-03-16,Meta,203.414185
2022-03-17,Meta,207.619705
2022-03-18,Meta,216.260544
2022-03-21,Meta,211.265854
2022-03-22,Meta,216.420364
2022-03-23,Meta,213.233765
2022-03-24,Meta,219.33728
2022-03-25,Meta,221.5849
2022-03-28,Meta,223.353012
2022-03-29,Meta,229.616379
2022-03-30,Meta,227.608505
2022-03-31,Meta,222.124329
2022-04-01,Meta,224.611694
2022-04-04,Meta,233.642105
2022-04-05,Meta,231.594269
2022-04-06,Meta,223.063324
2022-04-07,Meta,222.713699
2022-04-08,Meta,222.09436
2022-04-11,Meta,216.230576
2022-04-12,Meta,213.91304
2022-04-13,Meta,214.762146
2022-04-14,Meta,209.95723
2022-04-15,Meta,209.95723
2022-04-18,Meta,210.546616
2022-04-19,Meta,217.079666
2022-04-20,Meta,200.207581
2022-04-21,Meta,187.870667
2022-04-22,Meta,183.914871
2022-04-25,Meta,186.791809
2022-04-26,Meta,180.758209
2022-04-27,Meta,174.764572
2022-04-28,Meta,205.511948
2022-04-29,Meta,200.257523
2022-05-02,Meta,210.906235
2022-05-03,Meta,211.805267
2022-05-04,Meta,223.173218
2022-05-05,Meta,208.05925
2022-05-06,Meta,203.554031
2022-05-09,Meta,196.002045
2022-05-10,Meta,197.440506
2022-05-11,Meta,188.539963
2022-05-12,Meta,191.037308
2022-05-13,Meta,198.409485
2022-05-16,Meta,199.827972
2022-05-17,Meta,202.405243
2022-05-18,Meta,192.036255
2022-05-19,Meta,191.08725
2022-05-20,Meta,193.334869
2022-05-23,Meta,196.022018
2022-05-24,Meta,181.08786
2022-05-25,Meta,183.635162
2022-05-26,Meta,191.426895
2022-05-27,Meta,194.923187
2022-05-30,Meta,194.923187
2022-05-31,Meta,193.434769
2022-06-01,Meta,188.440063
2022-06-02,Meta,198.649231
2022-06-03,Meta,190.577789
2022-06-06,Meta,194.044113
2022-06-07,Meta,195.442627
2022-06-08,Meta,196.43158
2022-06-09,Meta,183.804977
2022-06-10,Meta,175.383926
2022-06-13,Meta,164.085892
2022-06-14,Meta,163.556458
2022-06-15,Meta,169.170517
2022-06-16,Meta,160.699493
2022-06-17,Meta,163.566452
2022-06-20,Meta,163.566452
2022-06-21,Meta,156.883545
2022-06-22,Meta,155.68483
2022-06-23,Meta,158.581741
2022-06-24,Meta,169.97966
2022-06-27,Meta,169.310364
2022-06-28,Meta,160.509689
2022-06-29,Meta,163.766251
2022-06-30,Meta,161.079086
2022-07-01,Meta,159.860382
2022-07-04,Meta,159.860382
2022-07-05,Meta,168.011734
2022-07-06,Meta,169.590073
2022-07-07,Meta,172.007507
2022-07-08,Meta,170.698898
2022-07-11,Meta,162.707367
2022-07-12,Meta,163.096954
2022-07-13,Meta,163.316727
2022-07-14,Meta,157.882492
2022-07-15,Meta,164.525436
2022-07-18,Meta,167.05275
2022-07-19,Meta,175.593689
2022-07-20,Meta,182.895935
2022-07-21,Meta,182.975861
2022-07-22,Meta,169.090591
2022-07-25,Meta,166.473358
2022-07-26,Meta,158.981308
2022-07-27,Meta,169.400269
2022-07-28,Meta,160.549652
2022-07-29,Meta,158.931381
2022-08-01,Meta,159.760483
2022-08-02,Meta,160.020218
2022-08-03,Meta,168.621094
2022-08-04,Meta,170.389221
2022-08-05,Meta,166.932877
2022-08-08,Meta,170.06955
2022-08-09,Meta,168.351379
2022-08-10,Meta,178.15097
2022-08-11,Meta,177.30188
2022-08-12,Meta,180.308685
2022-08-15,Meta,180.698273
2022-08-16,Meta,179.279785
2022-08-17,Meta,174.664688
2022-08-18,Meta,174.474884
2022-08-19,Meta,167.781982
2022-08-22,Meta,162.877182
2022-08-23,Meta,160.93924
2022-08-24,Meta,163.08696
2022-08-25,Meta,168.601105
2022-08-26,Meta,161.608536
2022-08-29,Meta,159.001297
2022-08-30,Meta,156.993439
2022-08-31,Meta,162.757309
2022-09-01,Meta,165.184738
2022-09-02,Meta,160.150085
2022-09-05,Meta,160.150085
2022-09-06,Meta,158.371964
2022-09-07,Meta,160.220001
2022-09-08,Meta,161.888229
2022-09-09,Meta,168.970718
2022-09-12,Meta,168.78093
2022-09-13,Meta,152.967697
2022-09-14,Meta,151.309464
2022-09-15,Meta,149.391495
2022-09-16,Meta,146.134949
2022-09-19,Meta,147.863113
2022-09-20,Meta,145.93515
2022-09-21,Meta,141.96936
2022-09-22,Meta,142.66864
2022-09-23,Meta,140.261185
2022-09-26,Meta,136.225464
2022-09-27,Meta,134.257538
2022-09-28,Meta,141.459915
2022-09-29,Meta,136.265427
2022-09-30,Meta,135.536194
2022-10-03,Meta,138.463089
2022-10-04,Meta,140.131317
2022-10-05,Meta,138.832687
2022-10-06,Meta,138.922607
2022-10-07,Meta,133.308548
2022-10-10,Meta,133.648193
2022-10-11,Meta,128.403748
2022-10-12,Meta,127.364861
2022-10-13,Meta,130.151901
2022-10-14,Meta,126.625648
2022-10-17,Meta,133.897919
2022-10-18,Meta,132.659256
2022-10-19,Meta,133.088791
2022-10-20,Meta,131.390594
2022-10-21,Meta,129.872192
2022-10-24,Meta,129.58252
2022-10-25,Meta,137.364243
2022-10-26,Meta,129.682419
2022-10-27,Meta,97.836197
2022-10-28,Meta,99.094856
2022-10-31,Meta,93.061264
2022-11-01,Meta,95.099098
2022-11-02,Meta,90.444038
2022-11-03,Meta,88.815765
2022-11-04,Meta,90.693771
2022-11-07,Meta,96.617485
2022-11-08,Meta,96.367752
2022-11-09,Meta,101.362457
2022-11-10,Meta,111.751434
2022-11-11,Meta,112.900208
2022-11-14,Meta,114.098938
2022-11-15,Meta,116.95591
2022-11-16,Meta,113.109993
2022-11-17,Meta,111.331871
2022-11-18,Meta,111.931244
2022-11-21,Meta,109.743561
2022-11-22,Meta,111.321892
2022-11-23,Meta,112.121033
2022-11-24,Meta,112.121033
2022-11-25,Meta,111.291924
2022-11-28,Meta,108.664703
2022-11-29,Meta,109.343987
2022-11-30,Meta,117.974823
2022-12-01,Meta,120.312347
2022-12-02,Meta,123.359116
2022-12-05,Meta,122.30024
2022-12-06,Meta,113.999046
2022-12-07,Meta,113.80925
2022-12-08,Meta,115.207764
2022-12-09,Meta,115.777161
2022-12-12,Meta,114.588417
2022-12-13,Meta,120.022659
2022-12-14,Meta,121.461121
2022-12-15,Meta,116.026894
2022-12-16,Meta,119.303421
2022-12-19,Meta,114.358665
2022-12-20,Meta,116.965897
2022-12-21,Meta,119.633072
2022-12-22,Meta,116.995865
2022-12-23,Meta,117.914894
2022-12-26,Meta,117.914894
2022-12-27,Meta,116.756119
2022-12-28,Meta,115.497459
2022-12-29,Meta,120.132538
2022-12-30,Meta,120.212448
2023-01-02,Meta,120.212448
2023-01-03,Meta,124.607788
2023-01-04,Meta,127.235008
2023-01-05,Meta,126.805458
2023-01-06,Meta,129.882202
2023-01-09,Meta,129.332779
2023-01-10,Meta,132.849045
2023-01-11,Meta,132.749146
2023-01-12,Meta,136.565109
2023-01-13,Meta,136.834808
2023-01-16,Meta,136.834808
2023-01-17,Meta,135.216537
2023-01-18,Meta,132.879013
2023-01-19,Meta,136.005692
2023-01-20,Meta,139.222275
2023-01-23,Meta,143.118149
2023-01-24,Meta,142.988281
2023-01-25,Meta,141.350021
2023-01-26,Meta,147.143875
2023-01-27,Meta,151.579178
2023-01-30,Meta,146.904129
2023-01-31,Meta,148.812103
2023-02-01,Meta,152.957703
2023-02-02,Meta,188.569931
2023-02-03,Meta,186.332291
2023-02-06,Meta,185.862793
2023-02-07,Meta,191.416901
2023-02-08,Meta,183.23558
2023-02-09,Meta,177.73143
2023-02-10,Meta,173.965408
2023-02-13,Meta,179.239822
2023-02-14,Meta,179.289764
2023-02-15,Meta,176.972229
2023-02-16,Meta,172.257233
2023-02-17,Meta,172.696777
2023-02-20,Meta,172.696777
2023-02-21,Meta,171.897614
2023-02-22,Meta,170.938629
2023-02-23,Meta,171.857651
2023-02-24,Meta,170.209412
2023-02-27,Meta,169.360306
2023-02-28,Meta,174.754593
2023-03-01,Meta,173.236191
2023-03-02,Meta,174.345016
2023-03-03,Meta,185.05365
2023-03-06,Meta,184.704025
2023-03-07,Meta,184.314438
2023-03-08,Meta,184.773956
2023-03-09,Meta,181.497437
2023-03-10,Meta,179.319733
2023-03-13,Meta,180.708267
2023-03-14,Meta,193.814362
2023-03-15,Meta,197.540405
2023-03-16,Meta,204.712784
2023-03-17,Meta,195.402679
2023-03-20,Meta,197.600342
2023-03-21,Meta,201.94574
2023-03-22,Meta,199.598221
2023-03-23,Meta,204.063492
2023-03-24,Meta,205.791641
2023-03-27,Meta,202.625015
2023-03-28,Meta,200.4673
2023-03-29,Meta,205.132355
2023-03-30,Meta,207.619705
2023-03-31,Meta,211.715363
2023-04-03,Meta,212.844177
2023-04-04,Meta,214.492416
2023-04-05,Meta,211.255844
2023-04-06,Meta,215.870956
2023-04-07,Meta,215.870956
2023-04-10,Meta,214.522385
2023-04-11,Meta,213.623352
2023-04-12,Meta,213.773178
2023-04-13,Meta,220.116455
2023-04-14,Meta,221.255249
2023-04-17,Meta,218.628036
2023-04-18,Meta,217.659058
2023-04-19,Meta,215.471375
2023-04-20,Meta,212.844177
2023-04-21,Meta,212.664352
2023-04-24,Meta,212.564453
2023-04-25,Meta,207.330017
2023-04-26,Meta,209.178055
2023-04-27,Meta,238.307144
2023-04-28,Meta,240.065292
2023-05-01,Meta,242.922241
2023-05-02,Meta,238.986435
2023-05-03,Meta,236.778778
2023-05-04,Meta,233.272491
2023-05-05,Meta,232.533279
2023-05-08,Meta,233.022766
2023-05-09,Meta,233.12265
2023-05-10,Meta,232.832962
2023-05-11,Meta,235.540085
2023-05-12,Meta,233.56218
2023-05-15,Meta,238.606842
2023-05-16,Meta,238.566879
2023-05-17,Meta,242.232986
2023-05-18,Meta,246.588379
2023-05-19,Meta,245.379654
2023-05-22,Meta,248.056808
2023-05-23,Meta,246.478485
2023-05-24,Meta,248.945877
2023-05-25,Meta,252.42218
2023-05-26,Meta,261.762268
2023-05-29,Meta,261.762268
2023-05-30,Meta,262.24176
2023-05-31,Meta,264.439423
2023-06-01,Meta,272.321045
2023-06-02,Meta,272.321045
2023-06-05,Meta,271.102356
2023-06-06,Meta,270.832642
2023-06-07,Meta,263.320618
2023-06-08,Meta,264.299561
2023-06-09,Meta,264.669189
2023-06-12,Meta,270.762695
2023-06-13,Meta,271.03244
2023-06-14,Meta,273.060272
2023-06-15,Meta,281.531281
2023-06-16,Meta,280.702179
2023-06-19,Meta,280.702179
2023-06-20,Meta,284.028625
2023-06-21,Meta,281.341522
2023-06-22,Meta,284.578064
2023-06-23,Meta,288.423981
2023-06-26,Meta,278.174866
2023-06-27,Meta,286.745758
2023-06-28,Meta,284.98764
2023-06-29,Meta,281.231598
2023-06-30,Meta,286.675842
2023-07-03,Meta,285.716827
2023-07-04,Meta,285.716827
2023-07-05,Meta,294.057983
2023-07-06,Meta,291.680511
2023-07-07,Meta,290.222076
2023-07-10,Meta,293.7883
2023-07-11,Meta,297.973846
2023-07-12,Meta,309.012115
2023-07-13,Meta,313.07782
2023-07-14,Meta,308.542633
2023-07-17,Meta,310.290771
2023-07-18,Meta,311.719238
2023-07-19,Meta,315.675079
2023-07-20,Meta,302.199341
2023-07-21,Meta,293.94812
2023-07-24,Meta,291.300903
2023-07-25,Meta,294.157898
2023-07-26,Meta,298.253571
2023-07-27,Meta,311.379608
2023-07-28,Meta,325.13504
2023-07-31,Meta,318.262329
2023-08-01,Meta,322.36795
2023-08-02,Meta,313.976868
2023-08-03,Meta,312.858063
2023-08-04,Meta,310.400665
2023-08-07,Meta,316.224487
2023-08-08,Meta,312.308655
2023-08-09,Meta,304.886505
2023-08-10,Meta,305.415955
2023-08-11,Meta,301.320313
2023-08-14,Meta,305.865479
2023-08-15,Meta,301.629974
2023-08-16,Meta,293.978088
2023-08-17,Meta,284.787842
2023-08-18,Meta,282.949799
2023-08-21,Meta,289.592743
2023-08-22,Meta,287.295197
2023-08-23,Meta,293.928131
2023-08-24,Meta,286.446075
2023-08-25,Meta,285.197388
2023-08-28,Meta,289.952362
2023-08-29,Meta,297.674164
2023-08-30,Meta,294.787231
2023-08-31,Meta,295.576416
2023-09-01,Meta,296.065887
2023-09-04,Meta,296.065887
2023-09-05,Meta,299.831879
2023-09-06,Meta,298.852936
2023-09-07,Meta,298.353455
2023-09-08,Meta,297.57428
2023-09-11,Meta,307.234009
2023-09-12,Meta,301.340271
2023-09-13,Meta,304.736664
2023-09-14,Meta,311.389618
2023-09-15,Meta,299.991699
2023-09-18,Meta,302.229309
2023-09-19,Meta,304.746674
2023-09-20,Meta,299.352386
2023-09-21,Meta,295.416565
2023-09-22,Meta,298.763
2023-09-25,Meta,300.511139
2023-09-26,Meta,298.643127
2023-09-27,Meta,297.424408
2023-09-28,Meta,303.637817
2023-09-29,Meta,299.891815
2023-10-02,Meta,306.494812
2023-10-03,Meta,300.621033
2023-10-04,Meta,305.256104
2023-10-05,Meta,304.46698
2023-10-06,Meta,315.095673
2023-10-09,Meta,318.022552
2023-10-10,Meta,321.498871
2023-10-11,Meta,327.472565
2023-10-12,Meta,323.816437
2023-10-13,Meta,314.356476
2023-10-16,Meta,320.809601
2023-10-17,Meta,323.656586
2023-10-18,Meta,316.634033
2023-10-19,Meta,312.478455
2023-10-20,Meta,308.322845
2023-10-23,Meta,313.677185
2023-10-24,Meta,312.218719
2023-10-25,Meta,299.212524
2023-10-26,Meta,288.044373
2023-10-27,Meta,296.415497
2023-10-30,Meta,302.339203
2023-10-31,Meta,300.950684
2023-11-01,Meta,311.51947
2023-11-02,Meta,310.540497
2023-11-03,Meta,314.266571
2023-11-06,Meta,315.465271
2023-11-07,Meta,318.482086
2023-11-08,Meta,319.441071
2023-11-09,Meta,320.210236
2023-11-10,Meta,328.421539
2023-11-13,Meta,328.841095
2023-11-14,Meta,335.953552
2023-11-15,Meta,332.357361
2023-11-16,Meta,333.835785
2023-11-17,Meta,334.684906
2023-11-20,Meta,339.60968
2023-11-21,Meta,336.622864
2023-11-22,Meta,341.128052
2023-11-23,Meta,341.128052
2023-11-24,Meta,337.871521
2023-11-27,Meta,334.345276
2023-11-28,Meta,338.630707
2023-11-29,Meta,331.847931
2023-11-30,Meta,326.803253
2023-12-01,Meta,324.475739
2023-12-04,Meta,319.680817
2023-12-05,Meta,317.952667
2023-12-06,Meta,317.113556
2023-12-07,Meta,326.243835
2023-12-08,Meta,332.397308
2023-12-11,Meta,324.935242
2023-12-12,Meta,333.865753
2023-12-13,Meta,334.385193
2023-12-14,Meta,332.816895
2023-12-15,Meta,334.565033
2023-12-18,Meta,344.25473
2023-12-19,Meta,349.988647
2023-12-20,Meta,348.90979
2023-12-21,Meta,353.714691
2023-12-22,Meta,353.015472
2023-12-25,Meta,353.015472
2023-12-26,Meta,354.453918
2023-12-27,Meta,357.450714
2023-12-28,Meta,357.940216
2023-12-29,Meta,353.584839
2024-01-01,Meta,353.584839
2024-01-02,Meta,345.922974
2024-01-03,Meta,344.104889
2024-01-04,Meta,346.752075
2024-01-05,Meta,351.576996
2024-01-08,Meta,358.279877
2024-01-09,Meta,357.051147
2024-01-10,Meta,370.077332
2024-01-11,Meta,369.278198
2024-01-12,Meta,374.093079
2024-01-15,Meta,374.093079
2024-01-16,Meta,367.070526
2024-01-17,Meta,367.979553
2024-01-18,Meta,375.731354
2024-01-19,Meta,383.04361
2024-01-22,Meta,381.375366
2024-01-23,Meta,384.791748
2024-01-24,Meta,390.285919
2024-01-25,Meta,392.763275
2024-01-26,Meta,393.72226
2024-01-29,Meta,400.59494
2024-01-30,Meta,399.635986
2024-01-31,Meta,389.726501
2024-02-01,Meta,394.361572
2024-02-02,Meta,474.486542
2024-02-05,Meta,458.923065
2024-02-06,Meta,454.238037
2024-02-07,Meta,469.092285
2024-02-08,Meta,469.501862
2024-02-09,Meta,467.613831
2024-02-12,Meta,468.403015
2024-02-13,Meta,459.632324
2024-02-14,Meta,472.778381
2024-02-15,Meta,483.516968
2024-02-16,Meta,472.818329
2024-02-19,Meta,472.818329
2024-02-20,Meta,471.25
2024-02-21,Meta,468.029999
2024-02-22,Meta,486.130005
2024-02-23,Meta,484.029999
2024-02-26,Meta,481.73999
2024-02-27,Meta,487.049988
2024-02-28,Meta,484.019989
2024-02-29,Meta,490.130005
2024-03-01,Meta,502.299988
2024-03-04,Meta,498.190002
2024-03-05,Meta,490.220001
2024-03-06,Meta,496.089996
2024-03-07,Meta,512.190002
2024-03-08,Meta,505.950012
2024-03-11,Meta,483.589996
2024-03-12,Meta,499.75
2024-03-13,Meta,495.570007
2024-03-14,Meta,491.829987
2024-03-15,Meta,484.100006
2024-03-18,Meta,496.980011
2024-03-19,Meta,496.23999
2024-03-20,Meta,505.519989
2024-03-21,Meta,507.76001
2024-03-22,Meta,509.579987
2024-03-25,Meta,503.019989
2024-03-26,Meta,495.890015
2024-03-27,Meta,493.859985
2024-03-28,Meta,485.579987
2024-03-29,Meta,485.579987
2024-04-01,Meta,491.350006
2024-04-02,Meta,497.369995
2024-04-03,Meta,506.73999
2024-04-04,Meta,510.920013
2024-04-05,Meta,527.340027
2024-04-08,Meta,519.25
2024-04-09,Meta,516.900024
2024-04-10,Meta,519.830017
2024-04-11,Meta,523.159973
2024-04-12,Meta,511.899994
2024-04-15,Meta,500.230011
2024-04-16,Meta,499.76001
2024-04-17,Meta,494.170013
2024-04-18,Meta,501.799988
2024-04-19,Meta,481.070007
2024-04-22,Meta,481.730011
2024-04-23,Meta,496.100006
2024-04-24,Meta,493.5
2024-04-25,Meta,441.380005
2024-04-26,Meta,443.290009
2024-04-29,Meta,432.619995
2024-04-30,Meta,430.170013
2024-05-01,Meta,439.190002
2024-05-02,Meta,441.679993
2024-05-03,Meta,451.959991
2024-05-06,Meta,465.679993
2024-05-07,Meta,468.23999
2024-05-08,Meta,472.600006
2024-05-09,Meta,475.420013
2024-05-10,Meta,476.200012
2024-05-13,Meta,468.01001
2024-05-14,Meta,471.850006
2024-05-15,Meta,481.540009
2024-05-16,Meta,473.230011
2024-05-17,Meta,471.910004
2024-05-20,Meta,468.839996
2024-05-21,Meta,464.630005
2024-05-22,Meta,467.779999
2024-05-23,Meta,465.779999
2024-05-24,Meta,478.220001
2024-05-27,Meta,478.220001
2024-05-28,Meta,479.920013
2024-05-29,Meta,474.359985
2024-05-30,Meta,467.049988
2024-05-31,Meta,466.829987
